rows,prefetch,us,cpu_us,energy_uJ,edp,GBps,GOPs,relerr
4,4,144.144,1130.567927927928,6184.206565765766,891416.2712157406,30.153,232.784,1.557e-07
1,16,177.991,1314.5882092198583,7190.797504432625,1279897.2386114674,24.419,188.517,1.557e-07
4,16,181.607,1405.1402632773493,7686.117240127101,1395852.6936277624,23.933,184.764,1.557e-07
2,0,184.587,1422.7932625749886,7782.679146285187,1436581.3955753436,23.547,181.781,1.557e-07
1,4,225.704,1641.9892836999434,8981.681381838689,2027201.4146065195,19.257,148.666,1.557e-07
2,16,233.844,1653.2407948568089,9043.227147866744,2114704.4091657507,18.587,143.491,1.557e-07
8,8,230.708,1721.0749711649366,9414.280092272204,2171949.7315279357,18.84,145.441,1.557e-07
2,8,236.0,1723.2352594339625,9426.096869103774,2224558.8611084907,18.417,142.18,1.557e-07
2,4,234.151,1727.6953260242353,9450.493433352567,2212842.487912937,18.562,143.302,1.557e-07
4,8,238.571,1758.376863446631,9618.321443053072,2294652.5649906145,18.219,140.648,1.557e-07
1,0,243.496,1787.091296409008,9775.389391357274,2380268.215237931,17.85,137.803,1.557e-07
1,8,272.664,1925.4834571235651,10532.394510465901,2871804.816801674,15.941,123.061,1.557e-07
8,4,318.256,2233.192521877486,12215.563094669847,3887676.248257247,13.657,105.432,1.557e-07
4,0,373.0,2645.00831792976,14468.195499075786,5396636.921155268,11.653,89.958,1.557e-07
8,0,390.716,2893.91015625,15829.6885546875,6184912.593333282,11.124,85.879,1.557e-07
8,16,478.097,3243.656324582339,17742.800095465394,8482779.497241719,9.091,70.183,1.557e-07
