v02_e8p_r4pf4,e8p_gemv,hot,1,4096,256,1,13978,0.400008,0.399918,28.617,9.646,73.283,156.500,149.2497,5.581e-08,ok,0.0000
v02_e8p_r1pf0,e8p_gemv,hot,1,4096,256,1,13566,0.400002,0.399996,29.486,9.362,71.125,161.284,153.8124,5.581e-08,ok,0.0000
v02_q8_0_vnni16,q8_0_gemv,hot,1,4096,256,1,43799,0.400005,0.399995,9.133,122.580,229.630,49.955,47.6407,3.139e-07,ok,0.0000
v02_q4_K,q4_K_gemv,hot,1,4096,256,1,17848,0.400002,0.399960,22.412,26.572,93.574,122.579,116.9000,1.702e-07,ok,0.0000
v01_q8_0_vnni16,q8_0_gemv,hot,1,4096,256,1,43855,0.400009,0.399993,9.121,122.735,229.922,49.891,47.5796,3.139e-07,ok,0.0000
v01_q4_K,q4_K_gemv,hot,1,4096,256,1,17812,0.400019,0.399957,22.458,26.517,93.382,122.825,117.1354,1.702e-07,ok,0.0000
ggml_q8gemv,q8_0_gemv,hot,1,4096,256,1,12771,0.400015,0.399972,31.322,35.741,66.954,171.314,163.3774,0.000e+00,ok,0.0000
ggml_q4kgemv,q4_K_gemv,hot,1,4096,256,1,15858,0.400006,0.400007,25.224,23.609,83.140,137.977,131.5851,0.000e+00,ok,0.0000
ggml_q2kgemv,q2_K_gemv,hot,1,4096,256,1,17955,0.400004,0.399948,22.278,15.700,94.135,121.844,116.1998,0.000e+00,ok,0.0000
ggml_iq2xxsgemv,iq2_xxs_gemv,hot,1,4096,256,1,6437,0.400019,0.400015,62.144,4.442,33.747,339.923,324.1755,0.000e+00,ok,0.0000
ggml_iq2xsgemv,iq2_xs_gemv,hot,1,4096,256,1,5416,0.400017,0.399972,73.858,4.181,28.394,403.960,385.2462,0.000e+00,ok,0.0000
ggml_iq3xxsgemv,iq3_xxs_gemv,hot,1,4096,256,1,5156,0.400027,0.399950,77.585,5.247,27.030,424.307,404.6506,0.000e+00,ok,0.0000
ggml_iq4xsgemv,iq4_xs_gemv,hot,1,4096,256,1,11138,0.400025,0.399958,35.915,15.669,58.392,196.424,187.3245,0.000e+00,ok,0.0000
v02_e8p_r4pf4,e8p_gemv,cold,1,4096,4096,1,476,0.400349,0.400263,841.070,5.168,39.895,4599.661,274.1612,1.557e-07,ok,0.0000
v02_q8_0_vnni16,q8_0_gemv,cold,1,4096,4096,1,336,0.400738,0.371767,1192.672,14.963,28.134,6052.278,360.7439,5.760e-07,ok,0.0000
v02_q4_K,q4_K_gemv,cold,1,4096,4096,1,329,0.400530,0.388011,1217.418,7.769,27.562,6451.125,384.5170,2.358e-07,ok,0.0000
v01_q8_0_vnni16,q8_0_gemv,cold,1,4096,4096,1,342,0.400365,0.363210,1170.657,15.245,28.663,5809.236,346.2574,5.760e-07,ok,0.0004
v01_q4_K,q4_K_gemv,cold,1,4096,4096,1,337,0.400984,0.398488,1189.864,7.949,28.200,6468.040,385.5252,2.358e-07,ok,0.0000
ggml_q2kgemv,q2_K_gemv,cold,1,4096,4096,1,420,0.400965,0.399040,954.679,5.788,35.147,5197.021,309.7666,0.000e+00,ok,0.0000
ggml_iq2xxsgemv,iq2_xxs_gemv,cold,1,4096,4096,1,332,0.400118,0.387311,1205.174,3.606,27.842,6381.299,380.3550,0.000e+00,ok,0.0000
v02_e8p_r4pf4,e8p_gemv,cold,8,4096,4096,1,1528,0.400076,2.804526,261.830,16.600,128.154,10039.763,598.4165,1.557e-07,ok,0.0000
v02_q8_0_vnni16,q8_0_gemv,cold,8,4096,4096,1,1181,0.400665,2.801893,339.259,52.604,98.905,12977.438,773.5156,5.760e-07,ok,0.0000
v02_q4_K,q4_K_gemv,cold,8,4096,4096,1,1226,0.400615,2.893532,326.766,28.945,102.686,12909.967,769.4940,2.358e-07,ok,0.0000
v01_q8_0_vnni16,q8_0_gemv,cold,8,4096,4096,1,1305,0.400042,2.796549,306.546,58.218,109.460,11721.933,698.6817,5.760e-07,ok,0.0000
v01_q4_K,q4_K_gemv,cold,8,4096,4096,1,1705,0.402208,2.986497,235.899,40.094,142.241,9581.313,571.0908,2.358e-07,ok,0.0000
ggml_q8gemv,q8_0_gemv,cold,8,4096,4096,1,575,0.400495,2.843737,696.512,25.623,48.175,27052.594,1612.4602,0.000e+00,ok,0.0006
ggml_q4kgemv,q4_K_gemv,cold,8,4096,4096,1,1067,0.402470,2.884117,377.197,25.075,88.957,14785.492,881.2840,0.000e+00,ok,0.0000
ggml_q2kgemv,q2_K_gemv,cold,8,4096,4096,1,1793,0.401571,2.872038,223.966,24.674,149.819,8761.878,522.2486,0.000e+00,ok,0.0000
ggml_iq2xxsgemv,iq2_xxs_gemv,cold,8,4096,4096,1,1177,0.403805,2.873239,343.080,12.669,97.804,13353.116,795.9077,0.000e+00,ok,0.0000
ggml_iq2xsgemv,iq2_xs_gemv,cold,8,4096,4096,1,1092,0.401011,2.873632,367.226,13.264,91.373,14394.475,857.9776,0.000e+00,ok,0.0000
ggml_iq3xxsgemv,iq3_xxs_gemv,cold,8,4096,4096,1,1395,0.400175,3.051195,286.864,22.462,116.970,11964.184,713.1209,0.000e+00,ok,0.0000
ggml_iq4xsgemv,iq4_xs_gemv,cold,8,4096,4096,1,953,0.400072,2.872623,419.802,21.281,79.929,16488.193,982.7729,0.000e+00,ok,0.0002
v02_e8p_r4pf4,e8p_gemv,hot,1,4096,256,1,13611,0.400021,0.390449,29.390,9.392,71.357,156.914,149.6448,5.581e-08,ok,0.0000
v02_e8p_r1pf0,e8p_gemv,hot,1,4096,256,1,13302,0.400004,0.391973,30.071,9.179,69.740,161.186,153.7187,5.581e-08,ok,0.0000
v02_q8_0_vnni16,q8_0_gemv,hot,1,4096,256,1,37772,0.400010,0.394217,10.590,105.711,198.029,57.089,54.4443,3.139e-07,ok,0.0000
v02_q4_K,q4_K_gemv,hot,1,4096,256,1,16949,0.400020,0.380297,23.601,25.232,88.857,122.734,117.0486,1.702e-07,ok,0.0000
v01_q8_0_vnni16,q8_0_gemv,hot,1,4096,256,1,41103,0.400009,0.376839,9.732,115.033,215.493,50.150,47.8266,3.139e-07,ok,0.0000
v01_q4_K,q4_K_gemv,hot,1,4096,256,1,17136,0.400008,0.387228,23.343,25.512,89.840,123.607,117.8812,1.702e-07,ok,0.0000
ggml_q8gemv,q8_0_gemv,hot,1,4096,256,1,12656,0.400008,0.396518,31.606,35.420,66.353,171.377,163.4383,0.000e+00,ok,0.0000
ggml_q4kgemv,q4_K_gemv,hot,1,4096,256,1,15401,0.400011,0.387486,25.973,22.928,80.743,137.624,131.2485,0.000e+00,ok,0.0000
ggml_q2kgemv,q2_K_gemv,hot,1,4096,256,1,17648,0.400008,0.392624,22.666,15.431,92.524,121.694,116.0563,0.000e+00,ok,0.0000
ggml_iq2xxsgemv,iq2_xxs_gemv,hot,1,4096,256,1,6376,0.400035,0.398382,62.741,4.400,33.426,341.774,325.9409,0.000e+00,ok,0.0000
ggml_iq2xsgemv,iq2_xs_gemv,hot,1,4096,256,1,5356,0.400064,0.395266,74.695,4.134,28.076,403.679,384.9783,0.000e+00,ok,0.0000
ggml_iq3xxsgemv,iq3_xxs_gemv,hot,1,4096,256,1,5099,0.400065,0.395275,78.460,5.189,26.729,424.035,404.3912,0.000e+00,ok,0.0002
ggml_iq4xsgemv,iq4_xs_gemv,hot,1,4096,256,1,10937,0.400003,0.392517,36.573,15.387,57.341,196.312,187.2180,0.000e+00,ok,0.0000
v02_e8p_r4pf4,e8p_gemv,cold,1,4096,4096,1,472,0.400766,0.396122,849.080,5.119,39.519,4590.651,273.6241,1.557e-07,ok,0.0000
v02_q8_0_vnni16,q8_0_gemv,cold,1,4096,4096,1,350,0.400751,0.367191,1145.003,15.586,29.305,5738.671,342.0514,5.760e-07,ok,0.0000
v02_q4_K,q4_K_gemv,cold,1,4096,4096,1,349,0.400806,0.399116,1148.442,8.236,29.217,6255.486,372.8560,2.358e-07,ok,0.0000
v01_q8_0_vnni16,q8_0_gemv,cold,1,4096,4096,1,383,0.400438,0.400257,1045.529,17.069,32.093,5716.464,340.7278,5.760e-07,ok,0.0000
v01_q4_K,q4_K_gemv,cold,1,4096,4096,1,319,0.400437,0.383900,1255.288,7.535,26.730,6582.862,392.3692,2.358e-07,ok,0.0000
ggml_q2kgemv,q2_K_gemv,cold,1,4096,4096,1,418,0.400562,0.400139,958.283,5.767,35.015,5236.269,312.1059,0.000e+00,ok,0.0000
ggml_iq2xxsgemv,iq2_xxs_gemv,cold,1,4096,4096,1,259,0.400032,0.395245,1544.527,2.814,21.725,8347.452,497.5469,0.000e+00,ok,0.0000
v02_e8p_r4pf4,e8p_gemv,cold,8,4096,4096,1,2237,0.400032,3.024391,178.825,24.305,187.638,7395.359,440.7978,1.557e-07,ok,0.0000
v02_q8_0_vnni16,q8_0_gemv,cold,8,4096,4096,1,2137,0.400054,3.052020,187.204,95.332,179.240,7812.143,465.6400,5.760e-07,ok,0.0000
v02_q4_K,q4_K_gemv,cold,8,4096,4096,1,1314,0.400413,2.906319,304.728,31.038,110.113,12098.603,721.1330,2.358e-07,ok,0.0000
v01_q8_0_vnni16,q8_0_gemv,cold,8,4096,4096,1,1391,0.400525,2.875389,287.940,61.980,116.533,11307.245,673.9643,5.760e-07,ok,0.0007
v01_q4_K,q4_K_gemv,cold,8,4096,4096,1,1357,0.400008,2.892506,294.774,32.086,113.831,11659.549,694.9633,2.358e-07,ok,0.0000
ggml_q8gemv,q8_0_gemv,cold,8,4096,4096,1,659,0.401678,2.912104,609.527,29.279,55.050,24171.789,1440.7509,0.000e+00,ok,0.0000
ggml_q4kgemv,q4_K_gemv,cold,8,4096,4096,1,1355,0.400071,2.991039,295.255,32.034,113.646,12074.526,719.6979,0.000e+00,ok,0.0000
ggml_q2kgemv,q2_K_gemv,cold,8,4096,4096,1,2289,0.400360,3.065491,174.906,31.595,191.843,7325.573,436.6382,0.000e+00,ok,0.0000
ggml_iq2xxsgemv,iq2_xxs_gemv,cold,8,4096,4096,1,1057,0.400002,2.847138,378.431,11.485,88.667,14734.006,878.2152,0.000e+00,ok,0.0000
ggml_iq2xsgemv,iq2_xs_gemv,cold,8,4096,4096,1,1075,0.403306,2.844387,375.169,12.983,89.438,14473.299,862.6759,0.000e+00,ok,0.0000
ggml_iq3xxsgemv,iq3_xxs_gemv,cold,8,4096,4096,1,1978,0.400135,3.195788,202.293,31.853,165.871,8837.695,526.7677,0.000e+00,ok,0.0000
ggml_iq4xsgemv,iq4_xs_gemv,cold,8,4096,4096,1,1613,0.404536,3.134443,250.797,35.622,133.791,10629.512,633.5683,0.000e+00,ok,0.0000
v02_e8p_r4pf4,e8p_gemv,hot,1,4096,256,1,13997,0.400006,0.399961,28.578,9.659,73.383,156.304,149.0631,5.581e-08,ok,0.0000
v02_e8p_r1pf0,e8p_gemv,hot,1,4096,256,1,13585,0.400001,0.399942,29.444,9.375,71.224,161.037,153.5765,5.581e-08,ok,0.0000
v02_q8_0_vnni16,q8_0_gemv,hot,1,4096,256,1,43899,0.400008,0.400010,9.112,122.858,230.152,49.843,47.5339,3.139e-07,ok,0.0000
v02_q4_K,q4_K_gemv,hot,1,4096,256,1,17804,0.400016,0.399387,22.468,26.506,93.340,122.705,117.0210,1.702e-07,ok,0.0000
v01_q8_0_vnni16,q8_0_gemv,hot,1,4096,256,1,43913,0.400004,0.399997,9.109,122.899,230.228,49.825,47.5172,3.139e-07,ok,0.0000
v01_q4_K,q4_K_gemv,hot,1,4096,256,1,17815,0.400020,0.400022,22.454,26.522,93.397,122.825,117.1347,1.702e-07,ok,0.0000
ggml_q8gemv,q8_0_gemv,hot,1,4096,256,1,12788,0.400011,0.399839,31.280,35.789,67.044,171.029,163.1060,0.000e+00,ok,0.0000
ggml_q4kgemv,q4_K_gemv,hot,1,4096,256,1,15892,0.400024,0.399026,25.171,23.659,83.315,137.344,130.9815,0.000e+00,ok,0.0000
ggml_q2kgemv,q2_K_gemv,hot,1,4096,256,1,18000,0.400007,0.399955,22.223,15.739,94.370,121.542,115.9114,0.000e+00,ok,0.0000
ggml_iq2xxsgemv,iq2_xxs_gemv,hot,1,4096,256,1,6455,0.400004,0.399839,61.968,4.454,33.842,338.826,323.1293,0.000e+00,ok,0.0000
ggml_iq2xsgemv,iq2_xs_gemv,hot,1,4096,256,1,5397,0.400006,0.398169,74.116,4.166,28.295,403.555,384.8597,0.000e+00,ok,0.0000
ggml_iq3xxsgemv,iq3_xxs_gemv,hot,1,4096,256,1,4320,0.400109,0.382438,92.618,4.396,22.643,484.244,461.8115,0.000e+00,ok,0.0000
ggml_iq4xsgemv,iq4_xs_gemv,hot,1,4096,256,1,11164,0.400031,0.400032,35.832,15.705,58.527,196.003,186.9228,0.000e+00,ok,0.0000
v02_e8p_r4pf4,e8p_gemv,cold,1,4096,4096,1,356,0.401279,0.401282,1127.187,3.856,29.768,6165.766,367.5083,1.557e-07,ok,0.0000
v02_q8_0_vnni16,q8_0_gemv,cold,1,4096,4096,1,242,0.400365,0.378110,1654.401,10.787,20.282,8546.536,509.4132,5.760e-07,ok,0.0000
v02_q4_K,q4_K_gemv,cold,1,4096,4096,1,253,0.400326,0.397308,1582.314,5.977,21.206,8590.019,512.0050,2.358e-07,ok,0.0000
v01_q8_0_vnni16,q8_0_gemv,cold,1,4096,4096,1,386,0.400752,0.397336,1038.217,17.190,32.319,5630.642,335.6124,5.760e-07,ok,0.0000
v01_q4_K,q4_K_gemv,cold,1,4096,4096,1,344,0.400293,0.400295,1163.641,8.128,28.836,6365.156,379.3929,2.358e-07,ok,0.0000
ggml_q2kgemv,q2_K_gemv,cold,1,4096,4096,1,429,0.400386,0.400389,933.301,5.921,35.952,5105.193,304.2932,0.000e+00,ok,0.0000
ggml_iq2xxsgemv,iq2_xxs_gemv,cold,1,4096,4096,1,341,0.400336,0.400329,1174.006,3.702,28.581,6421.700,382.7631,0.000e+00,ok,0.0000
v02_e8p_r4pf4,e8p_gemv,cold,8,4096,4096,1,3256,0.400036,3.151313,122.861,35.377,273.109,5294.128,315.5546,1.557e-07,ok,0.0000
v02_q8_0_vnni16,q8_0_gemv,cold,8,4096,4096,1,1759,0.400030,2.925711,227.419,78.474,147.545,9098.146,542.2918,5.760e-07,ok,0.0000
v02_q4_K,q4_K_gemv,cold,8,4096,4096,1,1399,0.400030,2.922631,285.940,33.078,117.348,11427.299,681.1201,2.358e-07,ok,0.0000
v01_q8_0_vnni16,q8_0_gemv,cold,8,4096,4096,1,1371,0.400554,2.863566,292.162,61.084,114.849,11425.023,680.9844,5.760e-07,ok,0.0000
v01_q4_K,q4_K_gemv,cold,8,4096,4096,1,1457,0.400061,2.983338,274.578,34.446,122.204,11200.315,667.5908,2.358e-07,ok,0.0000
ggml_q8gemv,q8_0_gemv,cold,8,4096,4096,1,762,0.402752,2.933292,528.547,33.765,63.484,21056.571,1255.0694,0.000e+00,ok,0.0000
ggml_q4kgemv,q4_K_gemv,cold,8,4096,4096,1,1821,0.400089,3.122858,219.708,43.049,152.723,9380.578,559.1260,0.000e+00,ok,0.0000
ggml_q2kgemv,q2_K_gemv,cold,8,4096,4096,1,1647,0.400437,2.991894,243.131,22.729,138.010,9936.649,592.2704,0.000e+00,ok,0.0000
ggml_iq2xxsgemv,iq2_xxs_gemv,cold,8,4096,4096,1,1509,0.400107,2.994861,265.147,16.393,126.550,10856.123,647.0754,0.000e+00,ok,0.0000
ggml_iq2xsgemv,iq2_xs_gemv,cold,8,4096,4096,1,1350,0.400032,2.984011,296.320,16.437,113.237,12090.770,720.6661,0.000e+00,ok,0.0000
ggml_iq3xxsgemv,iq3_xxs_gemv,cold,8,4096,4096,1,1147,0.403980,3.015083,352.206,18.295,95.269,14378.818,857.0443,0.000e+00,ok,0.0000
ggml_iq4xsgemv,iq4_xs_gemv,cold,8,4096,4096,1,963,0.401159,2.892072,416.572,21.446,80.549,16427.449,979.1523,0.000e+00,ok,0.0000
