tensor,base,rank,extra_bpw,err,energy_captured
blk.5.attn_v.weight,q2_k(Q3_K),0,0.0,0.0317145502997193,0.0
blk.5.attn_v.weight,q2_k(Q3_K),8,0.1094970703125,0.023950195217618354,0.24484413069959104
blk.5.attn_v.weight,q2_k(Q3_K),16,0.203369140625,0.02196273832754675,0.30753378669165315
blk.5.attn_v.weight,q2_k(Q3_K),32,0.39111328125,0.01987756670041506,0.373321572905152
blk.5.attn_v.weight,q2_k(Q3_K),64,0.7666015625,0.01752726010531177,0.4474709888622651
blk.5.attn_v.weight,q2_k(Q3_K),128,1.517578125,0.014043013210402607,0.5573954723625127
blk.5.attn_v.weight,q3_k_s(Q3_K),0,0.0,0.0317145502997193,0.0
blk.5.attn_v.weight,q3_k_s(Q3_K),8,0.1094970703125,0.023950195217618354,0.24484413069959104
blk.5.attn_v.weight,q3_k_s(Q3_K),16,0.203369140625,0.02196273832754675,0.30753378669165315
blk.5.attn_v.weight,q3_k_s(Q3_K),32,0.39111328125,0.01987756670041506,0.373321572905152
blk.5.attn_v.weight,q3_k_s(Q3_K),64,0.7666015625,0.01752726010531177,0.4474709888622651
blk.5.attn_v.weight,q3_k_s(Q3_K),128,1.517578125,0.014043013210402607,0.5573954723625127
blk.5.attn_v.weight,q4_k_m(Q6_K),0,0.0,0.0005600749503164686,0.0
blk.5.attn_v.weight,q4_k_m(Q6_K),8,0.1094970703125,0.0003758591073913638,0.3289478767936167
blk.5.attn_v.weight,q4_k_m(Q6_K),16,0.203369140625,0.000341348480204447,0.39059194384059437
blk.5.attn_v.weight,q4_k_m(Q6_K),32,0.39111328125,0.000305841622472467,0.4540332705840689
blk.5.attn_v.weight,q4_k_m(Q6_K),64,0.7666015625,0.00026949680654846813,0.5189890843499825
blk.5.attn_v.weight,q4_k_m(Q6_K),128,1.517578125,0.00021567205847230754,0.6151846639463283
blk.5.attn_v.weight,e8p_a0.5,0,0.0,0.08328602900840433,0.0
blk.5.attn_v.weight,e8p_a0.5,8,0.1094970703125,0.07790809156955655,0.06457797565465137
blk.5.attn_v.weight,e8p_a0.5,16,0.203369140625,0.07516843785518003,0.09748004936373775
blk.5.attn_v.weight,e8p_a0.5,32,0.39111328125,0.07099012042851445,0.14765937476192045
blk.5.attn_v.weight,e8p_a0.5,64,0.7666015625,0.06405646289206621,0.23092792066157952
blk.5.attn_v.weight,e8p_a0.5,128,1.517578125,0.05270626412186389,0.36724256357196705
blk.13.ffn_down.weight,q2_k(Q3_K),0,0.0,0.02446752828888519,0.0
blk.13.ffn_down.weight,q2_k(Q3_K),8,0.046895345052083336,0.023904252058421734,0.023034313322126486
blk.13.ffn_down.weight,q2_k(Q3_K),16,0.08858235677083333,0.023531254519899555,0.038285156968625715
blk.13.ffn_down.weight,q2_k(Q3_K),32,0.17195638020833334,0.02285542095336169,0.06591399632859218
blk.13.ffn_down.weight,q2_k(Q3_K),64,0.3387044270833333,0.021651248975510413,0.11513876989145842
blk.13.ffn_down.weight,q2_k(Q3_K),128,0.6722005208333334,0.019556582945966888,0.2007642041995638
blk.13.ffn_down.weight,q3_k_s(Q3_K),0,0.0,0.02446752828888519,0.0
blk.13.ffn_down.weight,q3_k_s(Q3_K),8,0.046895345052083336,0.023904252058421734,0.023034313322126486
blk.13.ffn_down.weight,q3_k_s(Q3_K),16,0.08858235677083333,0.023531254519899555,0.038285156968625715
blk.13.ffn_down.weight,q3_k_s(Q3_K),32,0.17195638020833334,0.02285542095336169,0.06591399632859218
blk.13.ffn_down.weight,q3_k_s(Q3_K),64,0.3387044270833333,0.021651248975510413,0.11513876989145842
blk.13.ffn_down.weight,q3_k_s(Q3_K),128,0.6722005208333334,0.019556582945966888,0.2007642041995638
blk.13.ffn_down.weight,q4_k_m(Q4_K),0,0.0,0.005686733397460507,0.0
blk.13.ffn_down.weight,q4_k_m(Q4_K),8,0.046895345052083336,0.0055808187974994245,0.018631564785036463
blk.13.ffn_down.weight,q4_k_m(Q4_K),16,0.08858235677083333,0.005508533064382926,0.03134519020915489
blk.13.ffn_down.weight,q4_k_m(Q4_K),32,0.17195638020833334,0.0053706557506198295,0.05559430135193111
blk.13.ffn_down.weight,q4_k_m(Q4_K),64,0.3387044270833333,0.005113623564369916,0.10080019581399421
blk.13.ffn_down.weight,q4_k_m(Q4_K),128,0.6722005208333334,0.004651816242254669,0.18202078076705142
blk.13.ffn_down.weight,e8p_a0.5,0,0.0,0.08041336760124906,0.0
blk.13.ffn_down.weight,e8p_a0.5,8,0.046895345052083336,0.07873513329675444,0.020875146093868754
blk.13.ffn_down.weight,e8p_a0.5,16,0.08858235677083333,0.07776924856195017,0.03288910467667282
blk.13.ffn_down.weight,e8p_a0.5,32,0.17195638020833334,0.07594832237132121,0.055537190630993015
blk.13.ffn_down.weight,e8p_a0.5,64,0.3387044270833333,0.07255692299095552,0.09771894568546073
blk.13.ffn_down.weight,e8p_a0.5,128,0.6722005208333334,0.0664302852091882,0.17392165870103232
blk.20.attn_q.weight,q2_k(Q2_K),0,0.0,0.04937131938911318,0.0
blk.20.attn_q.weight,q2_k(Q2_K),8,0.07818603515625,0.0462831772950412,0.06256497126513598
blk.20.attn_q.weight,q2_k(Q2_K),16,0.1407470703125,0.04419280916489617,0.10491345882435421
blk.20.attn_q.weight,q2_k(Q2_K),32,0.265869140625,0.040798458459678076,0.1736837701968623
blk.20.attn_q.weight,q2_k(Q2_K),64,0.51611328125,0.03550362997146029,0.28095938256747177
blk.20.attn_q.weight,q2_k(Q2_K),128,1.0166015625,0.028061968891609154,0.4317374732174741
blk.20.attn_q.weight,q3_k_s(Q3_K),0,0.0,0.0238741171352291,0.0
blk.20.attn_q.weight,q3_k_s(Q3_K),8,0.07818603515625,0.019880492645876546,0.16729952110195995
blk.20.attn_q.weight,q3_k_s(Q3_K),16,0.1407470703125,0.017796833357206502,0.25459666340474596
blk.20.attn_q.weight,q3_k_s(Q3_K),32,0.265869140625,0.015351423465582027,0.35705495336958404
blk.20.attn_q.weight,q3_k_s(Q3_K),64,0.51611328125,0.012630160221817637,0.47107657249414314
blk.20.attn_q.weight,q3_k_s(Q3_K),128,1.0166015625,0.009540518125269,0.6005485216336741
blk.20.attn_q.weight,q4_k_m(Q4_K),0,0.0,0.0041084817145444,0.0
blk.20.attn_q.weight,q4_k_m(Q4_K),8,0.07818603515625,0.0038304706294976162,0.06768478223225713
blk.20.attn_q.weight,q4_k_m(Q4_K),16,0.1407470703125,0.003634526042500839,0.11539442660823425
blk.20.attn_q.weight,q4_k_m(Q4_K),32,0.265869140625,0.003326045713913642,0.19049345092838377
blk.20.attn_q.weight,q4_k_m(Q4_K),64,0.51611328125,0.002861992566420604,0.30347061291213834
blk.20.attn_q.weight,q4_k_m(Q4_K),128,1.0166015625,0.0022198508044163645,0.4598087657750476
blk.20.attn_q.weight,e8p_a0.5,0,0.0,0.05943529492420909,0.0
blk.20.attn_q.weight,e8p_a0.5,8,0.07818603515625,0.05375491120434659,0.09570851290312468
blk.20.attn_q.weight,e8p_a0.5,16,0.1407470703125,0.05077529021174571,0.14593202961433815
blk.20.attn_q.weight,e8p_a0.5,32,0.265869140625,0.046260141037966294,0.22209542486523862
blk.20.attn_q.weight,e8p_a0.5,64,0.51611328125,0.03967463335341062,0.3334111878919329
blk.20.attn_q.weight,e8p_a0.5,128,1.0166015625,0.030796619094456464,0.483350915948218
