model,bpw,sum_err,token_embd,attn_q,attn_k,attn_v,attn_output,ffn_gate,ffn_up,ffn_down
qwen3-1.7b-q8_0,8.5,0.008900107055379587,2.858726780841205e-05,0.0013014130623126838,0.0010702114080683757,0.002111993321523302,0.0009453092480106532,0.0008265421734647366,0.0013944316203065392,0.0012216189538848841
qwen3-1.7b-q6_k,6.5625,0.0696666283929545,0.00031365087128932775,0.008603388640343212,0.0070754861268774415,0.018198330085490988,0.009045275174171533,0.006112723600434511,0.011167554486661227,0.009150219407686257
qwen3-1.7b-q5_k_m,5.8191,0.200083317651284,0.00031365087128932775,0.027733800528650408,0.023074013045584756,0.03202650754309185,0.03589190943570592,0.023003274861523697,0.03540515107962545,0.022635010285812593
qwen3-1.7b-q4_k_m,5.1194,0.7120649881778384,0.00031365087128932775,0.09952889261470674,0.08262266553060672,0.09327457242396708,0.14001622854034146,0.08775752774019849,0.1352727375249804,0.07327871293174812
qwen3-1.7b-q4_k_s,4.8998,0.8130539126075997,0.00031365087128932775,0.09952889261470674,0.08262266553060672,0.14774276201530293,0.14001622854034146,0.08775752774019849,0.1352727375249804,0.11979944777017366
qwen3-1.7b-iq4_nl,4.873,1.050245389240688,0.00031365087128932775,0.1297970062090828,0.10919276503060131,0.22012646023181343,0.16156814816151974,0.10655386533016917,0.172446570906766,0.1502469224994463
qwen3-1.7b-iq4_xs,4.6682,1.0734721550928898,0.00031365087128932775,0.13329069701248025,0.1126621204795906,0.22334471649807155,0.1647538862021109,0.10990934846475775,0.17559651776324575,0.1536012178013438
qwen3-1.7b-q3_k_l,4.6362,2.3034532167212056,0.00031365087128932775,0.5662038856270272,0.46675597283743864,0.04513640689141355,0.03589190943570592,0.4169455359937908,0.7385848210753603,0.03362103398917997
qwen3-1.7b-q3_k_m,4.3388,2.607728924878488,0.00031365087128932775,0.5662038856270272,0.46675597283743864,0.15554601911973068,0.14001622854034146,0.4169455359937908,0.7385848210753603,0.12336281081350929
qwen3-1.7b-q3_k_s,4.0027,4.351912321346579,0.00031365087128932775,0.5662038856270272,0.46675597283743864,0.9325286516843246,0.6188379179730875,0.4169455359937908,0.7385848210753603,0.611741885284261
qwen3-1.7b-iq3_xxs,3.4778,6.223530089890435,0.0012987353912310177,1.3759651589677868,1.1873339664572902,1.028095459258094,0.5060238854993516,0.5662155564417453,0.8765416075024144,0.6820557203725217
qwen3-1.7b-q2_k,3.5867,7.576150604522539,0.00031365087128932775,1.2767738067236891,1.0735466861886291,0.9325286516843246,0.6188379179730875,1.211002480049156,1.8514055257481021,0.611741885284261
qwen3-1.7b-iq2_m,3.2026,8.241186155686298,0.0012987353912310177,1.3759651589677868,1.1873339664572902,0.709828217620451,0.5060238854993516,1.1777391932481835,1.8263770163937407,1.4566199821082644
qwen3-1.7b-iq2_xs,2.9065,13.763018904460464,0.0012987353912310177,1.7670039162667204,1.5228185788922217,2.042448753182104,2.4145623876692137,1.5999901892508936,2.461431874355219,1.9534644694528605
qwen3-1.7b-iq2_xxs,2.7158,17.42650203533019,0.0012987353912310177,2.3425556344447624,2.0326269828172756,2.042448753182104,3.1344854045981556,2.117135949940603,3.2514065830620065,2.504543991894054
qwen3-1.7b-pure-q3_k,3.4375,4.374282075380355,0.022683404905065527,0.5662038856270272,0.46675597283743864,0.9325286516843246,0.6188379179730875,0.4169455359937908,0.7385848210753603,0.611741885284261
qwen3-1.7b-pure-q2_k,2.625,11.051814442418285,0.08739090802405174,1.2767738067236891,1.0735466861886291,2.042448753182104,1.9143861261307649,1.211002480049156,1.8514055257481021,1.5948601563717886
qwen3-1.7b-pure-q4_k,4.5,0.8398231013252894,0.005068209640772412,0.09952889261470674,0.08262266553060672,0.16285831524579927,0.14001622854034146,0.08775752774019849,0.1352727375249804,0.12669852448788385
qwen3-1.7b-e8p-a0.5,14.1009,13.55244642548805,0.0012987353912310177,1.6761618755576424,1.4977793133614292,2.367860869618754,2.1474284979354943,1.6538543947750934,2.298810184785705,1.9092525540626997
qwen3-1.7b-mix-all-2.9,2.9,13.760229460992567,0.0012987353912310177,1.7670039162667204,1.5228185788922217,2.0079808996742674,2.4145623876692137,1.5999901892508936,2.461431874355219,1.9851428794928005
qwen3-1.7b-mix-all-3.2,3.1999,6.988589171230633,0.0012987353912310177,0.6090988673776859,0.3359229766936636,0.22041689867875977,0.7973698048406218,1.5999901892508936,1.5519732329385811,1.8725184660591965
qwen3-1.7b-mix-all-3.5,3.4999,5.925997432515739,0.00031365087128932775,0.6090988673776859,0.2681902870934597,0.22041689867875977,0.7523122450769103,1.5999901892508936,0.9834480050620173,1.4922272891047237
qwen3-1.7b-lorc-q3k-kv-r16,4.295,3.998327693757232,0.022683404905065527,0.5662038856270272,0.3461829005142537,0.6771473423843859,0.6188379179730875,0.4169455359937908,0.7385848210753603,0.611741885284261
qwen3-1.7b-e8p-a0,14.1009,25.197857918969873,0.0012987353912310177,3.6863409753818206,3.0751524508254824,5.640920015764812,2.935017960531221,2.469641277267446,3.9916472620800385,3.397839241727822
qwen3-1.7b-mix-all-4.0,3.9998,2.487811324617045,0.00031365087128932775,0.13329069701248025,0.08492029934726261,0.06303322752988116,0.1647538862021109,0.5903783777993672,0.7644098817604703,0.6867113040941831
qwen3-1.7b-mix-k-3.6,3.5991,5.904457213186926,0.00031365087128932775,0.5229842744255997,0.08262266553060672,0.16285831524579927,0.6188379179730875,1.211002480049156,1.8514055257481021,1.4544323833432848
qwen3-1.7b-mix-taalas-4.0,4.0027,4.351912321346579,0.00031365087128932775,0.5662038856270272,0.46675597283743864,0.9325286516843246,0.6188379179730875,0.4169455359937908,0.7385848210753603,0.611741885284261
qwen3-1.7b-mix-free-3.5,3.4995,1.8226187223115753,0.08974218144235196,0.13045178242428962,0.08262266553060672,0.04513640689141355,0.1647538862021109,0.5754944423375752,0.24259536681908336,0.4918219906641439
qwen3-1.7b-mix-all-4.65,4.6497,0.9144836844157924,0.00031365087128932775,0.10235910441095697,0.05448682742092827,0.04513640689141355,0.1647538862021109,0.1669283161479145,0.17559651776324575,0.20490897470793312
qwen3-1.7b-mix-k-4.35,4.349,1.7551393739912422,0.00031365087128932775,0.09952889261470674,0.08262266553060672,0.04513640689141355,0.14001622854034146,0.4423203009995986,0.35845441653193694,0.5867468120113488
qwen3-1.7b-mix-taalas-4.65,4.6426,1.8105083732515845,0.00031365087128932775,0.008603388640343212,0.0070754861268774415,0.018198330085490988,0.009045275174171533,0.4169455359937908,0.7385848210753603,0.611741885284261
qwen3-1.7b-mix-free-4.65,4.6498,0.38119278639347964,0.08974218144235196,0.027733800528650408,0.014910390878048373,0.018198330085490988,0.03589190943570592,0.0976987231388117,0.04147602226491936,0.055541428619500934
qwen3-1.7b-mix-k-4.0,3.9993,3.192304693989917,0.00031365087128932775,0.16848180946027536,0.08262266553060672,0.16285831524579927,0.14001622854034146,0.9655288215718778,0.843774658872566,0.8287085438971614
qwen3-1.7b-mix-all-5.1,5.0996,0.44771018543847185,0.00031365087128932775,0.027733800528650408,0.020316358824357592,0.018198330085490988,0.03589190943570592,0.10367915462054247,0.12754004667087432,0.1140369344015608
qwen3-1.7b-mix-k-4.9,4.8995,0.6608814226101899,0.00031365087128932775,0.09952889261470674,0.02466197243362614,0.04513640689141355,0.04626192916724834,0.16272304166628526,0.1352727375249804,0.1469827914406401
qwen3-1.7b-mix-fit-3.5,3.5,2.311498496872989,0.022683404905065527,0.13329069701248025,0.08262266553060672,0.05196184690662449,0.1647538862021109,0.5903783777993672,0.5790963144225504,0.6867113040941831
qwen3-1.7b-mix-fit-4.0,3.9997,1.376378687939605,0.005876760384963717,0.12119755324534084,0.07722033941809921,0.04513640689141355,0.1647538862021109,0.4260504747046389,0.17559651776324575,0.3605467493297921
qwen3-1.7b-mix-fit-4.65,4.649,0.4702271584786183,0.005876760384963717,0.027733800528650408,0.020971426275633694,0.018198330085490988,0.03589190943570592,0.10647921293232608,0.1352727375249804,0.11980298131086706
qwen3-1.7b-mix-fit-3.2,3.2,3.742963812233495,0.022683404905065527,0.5885571274426429,0.1126621204795906,0.1945602473532366,0.1647538862021109,0.9999260344700085,0.8765416075024144,0.7832793838784258
qwen3-1.7b-mix-kind-3.5,3.4998,3.0784873573232634,0.005876760384963717,0.6090988673776859,0.08333236124593091,0.24268002957086923,0.16376785362895796,0.6279621853075329,0.8765416075024144,0.46922769230490824
qwen3-1.7b-lorc-q3k-kv-r64,4.295,3.738937296244264,0.022683404905065527,0.5662038856270272,0.2599715590812093,0.5039682863044624,0.6188379179730875,0.4169455359937908,0.7385848210753603,0.611741885284261
qwen3-1.7b-mix-kind-4.65,4.6497,0.5680989539630414,0.005876760384963717,0.13329069701248025,0.012080253302686528,0.048366272362800035,0.009045275174171533,0.13093116062090096,0.16192966527842015,0.06657886982661831
qwen3-1.7b-lorc-q3k-attn-r16,6.0101,3.7908209394603563,0.022683404905065527,0.4238378264363637,0.3461829005142537,0.6771473423843859,0.5536972228668755,0.4169455359937908,0.7385848210753603,0.611741885284261
