model,config,rep,threads,ngen,decode_tok_s,med_ms,p10_ms,p90_ms,cpu_s_per_tok,J_per_tok,J_per_tok_10W,barriers_per_tok,wait_share,foreign_cpu,quiet_wait_s,drift_s,load1,tokens
qwen3,v1,0,8,128,31.71,31.265,22.243,42.382,0.2338,1.2789,1.5942,143.0,0.402,4.683,-1.0,0.0,20.84,279 7168 339 11 1156 11 323 2086 6872 13 576 7168 339 2329 374 911 28387 55311 13 576 1156 2329 374 911 4802 28611 13 576 2086 2329 374 911 47502 323 279 5106 315 53457 11364 13 576 1156 2329 374 279 2329 315 28611 315 4802 13 576 2086 2329 374 911 279 5106 315 53457 11364 13 576 4843 2329 374 911 279 47502 315 264 4727 25055 518 10740 7168 1660 7168 13 576 11737 2329 374 911 279 47502 315 264 1849 29947 264 1584 315 7192 19267 13 576 17702 2329 374 911 279 47502 315 264 1849 29947 264 1584 315 7192 19267 13 576 25031 2329 374 911 279 47502 315 264 1849 29947 264 1584 315 7192
qwen3,v2,0,8,128,37.67,25.553,17.617,37.827,0.1996,1.0918,1.3573,57.0,0.354,0.699,-1.0,0.0,21.17,279 7168 339 11 1156 11 323 2086 6872 13 576 7168 339 2329 374 911 28387 55311 13 576 1156 2329 374 911 4802 28611 13 576 2086 2329 374 911 47502 323 279 5106 315 53457 11364 13 576 1156 2329 374 279 2329 315 28611 315 4802 13 576 2086 2329 374 911 279 5106 315 53457 11364 13 576 7168 339 2329 374 911 28387 55311 13 576 1156 2329 374 911 4802 28611 13 576 2086 2329 374 911 279 5106 315 53457 11364 13 576 7168 339 2329 374 911 28387 55311 13 576 1156 2329 374 911 4802 28611 13 576 2086 2329 374 911 279 5106 315 53457 11364 13 576 7168 339 2329 374 911 28387 55311 13 576
qwen3,lc_amx,0,8,128,10.98,26.985,19.655,63.04,0.5774,3.1584,4.0691,,,2.46,-1.0,0.0,21.15,279 7168 339 11 1156 11 323 2086 6872 13 576 7168 339 2329 374 911 28387 55311 13 576 1156 2329 374 911 4802 28611 13 576 2086 2329 374 911 47502 323 279 5106 315 53457 11364 13 576 1156 2329 374 279 2329 315 28611 315 4802 13 576 2086 2329 374 911 279 5106 315 53457 11364 13 576 7168 339 2329 374 911 28387 55311 13 576 1156 2329 374 911 4802 28611 13 576 2086 2329 374 911 279 5106 315 53457 11364 13 576 7168 339 2329 374 911 28387 55311 13 576 1156 2329 374 911 4802 28611 13 576 2086 2329 374 911 279 5106 315 53457 11364 13 576 7168 339 2329 374 911 28387 55311 13 576
qwen3,lc_plain,0,8,128,5.15,56.052,39.676,396.061,1.2038,6.5848,8.5265,,,1.898,-1.0,-0.0,22.94,279 7168 339 11 1156 11 323 2086 6872 13 576 7168 339 2329 374 911 28387 55311 13 576 1156 2329 374 911 4802 28611 13 576 2086 2329 374 911 47502 323 279 5106 315 53457 11364 13 576 1156 2329 374 279 2329 315 28611 315 4802 13 576 2086 2329 374 911 279 5106 315 53457 11364 13 576 4843 2329 374 911 279 47502 315 264 4727 25055 518 10740 7168 1660 7168 13 576 11737 2329 374 537 2167 264 2329 714 264 57817 13 576 17702 2329 374 537 2167 264 2329 714 264 57817 13 576 25031 2329 374 537 2167 264 2329 714 264 57817 13 576 30387 2329 374 537 2167 264 2329 714 264 57817 13 576
qwen3,v1,1,8,128,31.34,31.971,19.767,43.945,0.2392,1.3084,1.6275,143.0,0.384,2.915,-1.0,0.0,24.24,279 7168 339 11 1156 11 323 2086 6872 13 576 7168 339 2329 374 911 28387 55311 13 576 1156 2329 374 911 4802 28611 13 576 2086 2329 374 911 47502 323 279 5106 315 53457 11364 13 576 1156 2329 374 279 2329 315 28611 315 4802 13 576 2086 2329 374 911 279 5106 315 53457 11364 13 576 4843 2329 374 911 279 47502 315 264 4727 25055 518 10740 7168 1660 7168 13 576 11737 2329 374 911 279 47502 315 264 1849 29947 264 1584 315 7192 19267 13 576 17702 2329 374 911 279 47502 315 264 1849 29947 264 1584 315 7192 19267 13 576 25031 2329 374 911 279 47502 315 264 1849 29947 264 1584 315 7192
qwen3,v2,1,8,128,28.83,32.95,24.794,46.918,0.2496,1.3653,1.7122,57.0,0.464,1.043,-1.0,0.0,23.28,279 7168 339 11 1156 11 323 2086 6872 13 576 7168 339 2329 374 911 28387 55311 13 576 1156 2329 374 911 4802 28611 13 576 2086 2329 374 911 47502 323 279 5106 315 53457 11364 13 576 1156 2329 374 279 2329 315 28611 315 4802 13 576 2086 2329 374 911 279 5106 315 53457 11364 13 576 7168 339 2329 374 911 28387 55311 13 576 1156 2329 374 911 4802 28611 13 576 2086 2329 374 911 279 5106 315 53457 11364 13 576 7168 339 2329 374 911 28387 55311 13 576 1156 2329 374 911 4802 28611 13 576 2086 2329 374 911 279 5106 315 53457 11364 13 576 7168 339 2329 374 911 28387 55311 13 576
qwen3,lc_amx,1,8,128,3.95,25.278,19.613,1081.62,1.4487,7.9244,10.456,,,2.355,-1.0,-0.0,22.83,279 7168 339 11 1156 11 323 2086 6872 13 576 7168 339 2329 374 911 28387 55311 13 576 1156 2329 374 911 4802 28611 13 576 2086 2329 374 911 47502 323 279 5106 315 53457 11364 13 576 1156 2329 374 279 2329 315 28611 315 4802 13 576 2086 2329 374 911 279 5106 315 53457 11364 13 576 7168 339 2329 374 911 28387 55311 13 576 1156 2329 374 911 4802 28611 13 576 2086 2329 374 911 279 5106 315 53457 11364 13 576 7168 339 2329 374 911 28387 55311 13 576 1156 2329 374 911 4802 28611 13 576 2086 2329 374 911 279 5106 315 53457 11364 13 576 7168 339 2329 374 911 28387 55311 13 576
qwen3,lc_plain,1,8,128,3.29,57.103,40.245,1244.115,1.8202,9.9565,12.996,,,2.07,-1.0,-0.0,22.98,279 7168 339 11 1156 11 323 2086 6872 13 576 7168 339 2329 374 911 28387 55311 13 576 1156 2329 374 911 4802 28611 13 576 2086 2329 374 911 47502 323 279 5106 315 53457 11364 13 576 1156 2329 374 279 2329 315 28611 315 4802 13 576 2086 2329 374 911 279 5106 315 53457 11364 13 576 4843 2329 374 911 279 47502 315 264 4727 25055 518 10740 7168 1660 7168 13 576 11737 2329 374 537 2167 264 2329 714 264 57817 13 576 17702 2329 374 537 2167 264 2329 714 264 57817 13 576 25031 2329 374 537 2167 264 2329 714 264 57817 13 576 30387 2329 374 537 2167 264 2329 714 264 57817 13 576
qwen3,v1,2,8,128,21.55,44.341,32.377,64.596,0.3317,1.8144,2.2784,143.0,0.535,2.812,-1.0,-0.0,22.82,279 7168 339 11 1156 11 323 2086 6872 13 576 7168 339 2329 374 911 28387 55311 13 576 1156 2329 374 911 4802 28611 13 576 2086 2329 374 911 47502 323 279 5106 315 53457 11364 13 576 1156 2329 374 279 2329 315 28611 315 4802 13 576 2086 2329 374 911 279 5106 315 53457 11364 13 576 4843 2329 374 911 279 47502 315 264 4727 25055 518 10740 7168 1660 7168 13 576 11737 2329 374 911 279 47502 315 264 1849 29947 264 1584 315 7192 19267 13 576 17702 2329 374 911 279 47502 315 264 1849 29947 264 1584 315 7192 19267 13 576 25031 2329 374 911 279 47502 315 264 1849 29947 264 1584 315 7192
qwen3,v2,2,8,128,33.48,29.505,17.642,40.513,0.2215,1.2116,1.5103,57.0,0.39,1.202,-1.0,0.0,23.59,279 7168 339 11 1156 11 323 2086 6872 13 576 7168 339 2329 374 911 28387 55311 13 576 1156 2329 374 911 4802 28611 13 576 2086 2329 374 911 47502 323 279 5106 315 53457 11364 13 576 1156 2329 374 279 2329 315 28611 315 4802 13 576 2086 2329 374 911 279 5106 315 53457 11364 13 576 7168 339 2329 374 911 28387 55311 13 576 1156 2329 374 911 4802 28611 13 576 2086 2329 374 911 279 5106 315 53457 11364 13 576 7168 339 2329 374 911 28387 55311 13 576 1156 2329 374 911 4802 28611 13 576 2086 2329 374 911 279 5106 315 53457 11364 13 576 7168 339 2329 374 911 28387 55311 13 576
qwen3,lc_amx,2,8,128,12.13,31.241,21.12,53.138,0.5216,2.8532,3.6776,,,2.105,-1.0,0.0,23.30,279 7168 339 11 1156 11 323 2086 6872 13 576 7168 339 2329 374 911 28387 55311 13 576 1156 2329 374 911 4802 28611 13 576 2086 2329 374 911 47502 323 279 5106 315 53457 11364 13 576 1156 2329 374 279 2329 315 28611 315 4802 13 576 2086 2329 374 911 279 5106 315 53457 11364 13 576 7168 339 2329 374 911 28387 55311 13 576 1156 2329 374 911 4802 28611 13 576 2086 2329 374 911 279 5106 315 53457 11364 13 576 7168 339 2329 374 911 28387 55311 13 576 1156 2329 374 911 4802 28611 13 576 2086 2329 374 911 279 5106 315 53457 11364 13 576 7168 339 2329 374 911 28387 55311 13 576
qwen3,lc_plain,2,8,128,4.69,58.02,40.467,673.157,1.3196,7.2182,9.3504,,,1.879,-1.0,-0.0,24.51,279 7168 339 11 1156 11 323 2086 6872 13 576 7168 339 2329 374 911 28387 55311 13 576 1156 2329 374 911 4802 28611 13 576 2086 2329 374 911 47502 323 279 5106 315 53457 11364 13 576 1156 2329 374 279 2329 315 28611 315 4802 13 576 2086 2329 374 911 279 5106 315 53457 11364 13 576 4843 2329 374 911 279 47502 315 264 4727 25055 518 10740 7168 1660 7168 13 576 11737 2329 374 537 2167 264 2329 714 264 57817 13 576 17702 2329 374 537 2167 264 2329 714 264 57817 13 576 25031 2329 374 537 2167 264 2329 714 264 57817 13 576 30387 2329 374 537 2167 264 2329 714 264 57817 13 576
