model,config,rep,threads,ngen,decode_tok_s,med_ms,p10_ms,p90_ms,cpu_s_per_tok,J_per_tok,J_per_tok_10W,barriers_per_tok,wait_share,quiet_wait_share,foreign_cpu,quiet_wait_s,drift_s,load1,tokens
olmoe,v2,0,8,128,36.38,20.271,11.266,34.24,0.1905,1.042,1.3169,49.0,0.495,0.217,5.035,-1.0,0.0,26.12,27 187 187 18 15 380 3973 5405 27 11669 310 14900 15 187 19 15 380 6347 5405 27 22512 2550 320 11516 4336 715 789 15 187 20 15 380 12245 5405 27 733 310 7479 281 3986 7880 5058 3276 15 187 187 510 3973 5405 3054 326 2341 310 14900 285 476 320 9495 432 581 830 281 1529 15 831 2097 326 253 2264 2408 273 2341 275 247 4581 985 4558 3638 689 673 15 187 187 510 6347 5405 3054 326 352 310 7479 281 1973 247 4250 3948 326 13 6498 275 247 3426 5880 13 588 4711 642 643 1055 3707 34705 4250 432 247 2014 8609 18699 285 22022 512 273 352 715 8651 789 15 496 19554
olmoe,v2_futex0,0,8,128,10.76,92.478,39.518,139.054,0.1049,0.5738,1.5032,49.0,0.861,0.807,6.805,-1.0,0.0,23.90,27 187 187 18 15 380 3973 5405 27 11669 310 14900 15 187 19 15 380 6347 5405 27 22512 2550 320 11516 4336 715 789 15 187 20 15 380 12245 5405 27 733 310 7479 281 3986 7880 5058 3276 15 187 187 510 3973 5405 3054 326 2341 310 14900 285 476 320 9495 432 581 830 281 1529 15 831 2097 326 253 2264 2408 273 2341 275 247 4581 985 4558 3638 689 673 15 187 187 510 6347 5405 3054 326 352 310 7479 281 1973 247 4250 3948 326 13 6498 275 247 3426 5880 13 588 4711 642 643 1055 3707 34705 4250 432 247 2014 8609 18699 285 22022 512 273 352 715 8651 789 15 496 19554
olmoe,v2_futex4k,0,8,128,16.7,53.086,24.056,100.11,0.1289,0.7051,1.3039,49.0,0.765,0.648,6.03,-1.0,-0.0,23.82,27 187 187 18 15 380 3973 5405 27 11669 310 14900 15 187 19 15 380 6347 5405 27 22512 2550 320 11516 4336 715 789 15 187 20 15 380 12245 5405 27 733 310 7479 281 3986 7880 5058 3276 15 187 187 510 3973 5405 3054 326 2341 310 14900 285 476 320 9495 432 581 830 281 1529 15 831 2097 326 253 2264 2408 273 2341 275 247 4581 985 4558 3638 689 673 15 187 187 510 6347 5405 3054 326 352 310 7479 281 1973 247 4250 3948 326 13 6498 275 247 3426 5880 13 588 4711 642 643 1055 3707 34705 4250 432 247 2014 8609 18699 285 22022 512 273 352 715 8651 789 15 496 19554
olmoe,v2_yield,0,8,128,5.05,196.318,191.974,204.019,0.3975,2.1743,4.1545,49.0,0.931,0.937,6.21,-1.0,0.0,23.35,27 187 187 18 15 380 3973 5405 27 11669 310 14900 15 187 19 15 380 6347 5405 27 22512 2550 320 11516 4336 715 789 15 187 20 15 380 12245 5405 27 733 310 7479 281 3986 7880 5058 3276 15 187 187 510 3973 5405 3054 326 2341 310 14900 285 476 320 9495 432 581 830 281 1529 15 831 2097 326 253 2264 2408 273 2341 275 247 4581 985 4558 3638 689 673 15 187 187 510 6347 5405 3054 326 352 310 7479 281 1973 247 4250 3948 326 13 6498 275 247 3426 5880 13 588 4711 642 643 1055 3707 34705 4250 432 247 2014 8609 18699 285 22022 512 273 352 715 8651 789 15 496 19554
olmoe,v2_outfutex,0,8,128,42.95,22.6,17.025,29.65,0.1632,0.8927,1.1255,49.0,0.498,0.43,5.092,-1.0,-0.0,24.39,27 187 187 18 15 380 3973 5405 27 11669 310 14900 15 187 19 15 380 6347 5405 27 22512 2550 320 11516 4336 715 789 15 187 20 15 380 12245 5405 27 733 310 7479 281 3986 7880 5058 3276 15 187 187 510 3973 5405 3054 326 2341 310 14900 285 476 320 9495 432 581 830 281 1529 15 831 2097 326 253 2264 2408 273 2341 275 247 4581 985 4558 3638 689 673 15 187 187 510 6347 5405 3054 326 352 310 7479 281 1973 247 4250 3948 326 13 6498 275 247 3426 5880 13 588 4711 642 643 1055 3707 34705 4250 432 247 2014 8609 18699 285 22022 512 273 352 715 8651 789 15 496 19554
olmoe,v2,1,8,128,33.92,27.84,17.593,38.737,0.2119,1.1591,1.4539,49.0,0.533,0.44,4.719,-1.0,-0.0,24.52,27 187 187 18 15 380 3973 5405 27 11669 310 14900 15 187 19 15 380 6347 5405 27 22512 2550 320 11516 4336 715 789 15 187 20 15 380 12245 5405 27 733 310 7479 281 3986 7880 5058 3276 15 187 187 510 3973 5405 3054 326 2341 310 14900 285 476 320 9495 432 581 830 281 1529 15 831 2097 326 253 2264 2408 273 2341 275 247 4581 985 4558 3638 689 673 15 187 187 510 6347 5405 3054 326 352 310 7479 281 1973 247 4250 3948 326 13 6498 275 247 3426 5880 13 588 4711 642 643 1055 3707 34705 4250 432 247 2014 8609 18699 285 22022 512 273 352 715 8651 789 15 496 19554
olmoe,v2_futex0,1,8,128,8.99,105.569,83.986,144.735,0.1104,0.6039,1.7162,49.0,0.878,0.848,6.851,-1.0,0.0,23.20,27 187 187 18 15 380 3973 5405 27 11669 310 14900 15 187 19 15 380 6347 5405 27 22512 2550 320 11516 4336 715 789 15 187 20 15 380 12245 5405 27 733 310 7479 281 3986 7880 5058 3276 15 187 187 510 3973 5405 3054 326 2341 310 14900 285 476 320 9495 432 581 830 281 1529 15 831 2097 326 253 2264 2408 273 2341 275 247 4581 985 4558 3638 689 673 15 187 187 510 6347 5405 3054 326 352 310 7479 281 1973 247 4250 3948 326 13 6498 275 247 3426 5880 13 588 4711 642 643 1055 3707 34705 4250 432 247 2014 8609 18699 285 22022 512 273 352 715 8651 789 15 496 19554
olmoe,v2_futex4k,1,8,128,29.1,27.767,12.498,62.634,0.1034,0.5656,0.9092,49.0,0.658,0.323,5.797,-1.0,0.0,22.56,27 187 187 18 15 380 3973 5405 27 11669 310 14900 15 187 19 15 380 6347 5405 27 22512 2550 320 11516 4336 715 789 15 187 20 15 380 12245 5405 27 733 310 7479 281 3986 7880 5058 3276 15 187 187 510 3973 5405 3054 326 2341 310 14900 285 476 320 9495 432 581 830 281 1529 15 831 2097 326 253 2264 2408 273 2341 275 247 4581 985 4558 3638 689 673 15 187 187 510 6347 5405 3054 326 352 310 7479 281 1973 247 4250 3948 326 13 6498 275 247 3426 5880 13 588 4711 642 643 1055 3707 34705 4250 432 247 2014 8609 18699 285 22022 512 273 352 715 8651 789 15 496 19554
olmoe,v2_yield,1,8,128,5.02,199.02,192.921,207.061,0.3751,2.0518,4.0438,49.0,0.939,0.941,6.175,-1.0,0.0,23.01,27 187 187 18 15 380 3973 5405 27 11669 310 14900 15 187 19 15 380 6347 5405 27 22512 2550 320 11516 4336 715 789 15 187 20 15 380 12245 5405 27 733 310 7479 281 3986 7880 5058 3276 15 187 187 510 3973 5405 3054 326 2341 310 14900 285 476 320 9495 432 581 830 281 1529 15 831 2097 326 253 2264 2408 273 2341 275 247 4581 985 4558 3638 689 673 15 187 187 510 6347 5405 3054 326 352 310 7479 281 1973 247 4250 3948 326 13 6498 275 247 3426 5880 13 588 4711 642 643 1055 3707 34705 4250 432 247 2014 8609 18699 285 22022 512 273 352 715 8651 789 15 496 19554
olmoe,v2_outfutex,1,8,128,52.63,18.603,11.545,27.312,0.1376,0.7527,0.9427,49.0,0.367,0.221,5.561,-1.0,0.0,25.18,27 187 187 18 15 380 3973 5405 27 11669 310 14900 15 187 19 15 380 6347 5405 27 22512 2550 320 11516 4336 715 789 15 187 20 15 380 12245 5405 27 733 310 7479 281 3986 7880 5058 3276 15 187 187 510 3973 5405 3054 326 2341 310 14900 285 476 320 9495 432 581 830 281 1529 15 831 2097 326 253 2264 2408 273 2341 275 247 4581 985 4558 3638 689 673 15 187 187 510 6347 5405 3054 326 352 310 7479 281 1973 247 4250 3948 326 13 6498 275 247 3426 5880 13 588 4711 642 643 1055 3707 34705 4250 432 247 2014 8609 18699 285 22022 512 273 352 715 8651 789 15 496 19554
olmoe,v2,2,8,128,44.39,21.501,15.962,30.694,0.1615,0.8834,1.1087,49.0,0.444,0.369,5.087,-1.0,-0.0,23.75,27 187 187 18 15 380 3973 5405 27 11669 310 14900 15 187 19 15 380 6347 5405 27 22512 2550 320 11516 4336 715 789 15 187 20 15 380 12245 5405 27 733 310 7479 281 3986 7880 5058 3276 15 187 187 510 3973 5405 3054 326 2341 310 14900 285 476 320 9495 432 581 830 281 1529 15 831 2097 326 253 2264 2408 273 2341 275 247 4581 985 4558 3638 689 673 15 187 187 510 6347 5405 3054 326 352 310 7479 281 1973 247 4250 3948 326 13 6498 275 247 3426 5880 13 588 4711 642 643 1055 3707 34705 4250 432 247 2014 8609 18699 285 22022 512 273 352 715 8651 789 15 496 19554
olmoe,v2_futex0,2,8,128,11.82,91.454,25.878,140.024,0.0911,0.4983,1.3443,49.0,0.867,0.776,6.861,-1.0,0.0,24.91,27 187 187 18 15 380 3973 5405 27 11669 310 14900 15 187 19 15 380 6347 5405 27 22512 2550 320 11516 4336 715 789 15 187 20 15 380 12245 5405 27 733 310 7479 281 3986 7880 5058 3276 15 187 187 510 3973 5405 3054 326 2341 310 14900 285 476 320 9495 432 581 830 281 1529 15 831 2097 326 253 2264 2408 273 2341 275 247 4581 985 4558 3638 689 673 15 187 187 510 6347 5405 3054 326 352 310 7479 281 1973 247 4250 3948 326 13 6498 275 247 3426 5880 13 588 4711 642 643 1055 3707 34705 4250 432 247 2014 8609 18699 285 22022 512 273 352 715 8651 789 15 496 19554
olmoe,v2_futex4k,2,8,128,13.85,79.452,18.703,114.102,0.1164,0.6367,1.3587,49.0,0.827,0.719,6.504,-1.0,0.0,23.47,27 187 187 18 15 380 3973 5405 27 11669 310 14900 15 187 19 15 380 6347 5405 27 22512 2550 320 11516 4336 715 789 15 187 20 15 380 12245 5405 27 733 310 7479 281 3986 7880 5058 3276 15 187 187 510 3973 5405 3054 326 2341 310 14900 285 476 320 9495 432 581 830 281 1529 15 831 2097 326 253 2264 2408 273 2341 275 247 4581 985 4558 3638 689 673 15 187 187 510 6347 5405 3054 326 352 310 7479 281 1973 247 4250 3948 326 13 6498 275 247 3426 5880 13 588 4711 642 643 1055 3707 34705 4250 432 247 2014 8609 18699 285 22022 512 273 352 715 8651 789 15 496 19554
olmoe,v2_yield,2,8,128,5.12,196.001,187.961,200.947,0.4565,2.4971,4.4502,49.0,0.932,0.916,5.961,-1.0,0.0,23.73,27 187 187 18 15 380 3973 5405 27 11669 310 14900 15 187 19 15 380 6347 5405 27 22512 2550 320 11516 4336 715 789 15 187 20 15 380 12245 5405 27 733 310 7479 281 3986 7880 5058 3276 15 187 187 510 3973 5405 3054 326 2341 310 14900 285 476 320 9495 432 581 830 281 1529 15 831 2097 326 253 2264 2408 273 2341 275 247 4581 985 4558 3638 689 673 15 187 187 510 6347 5405 3054 326 352 310 7479 281 1973 247 4250 3948 326 13 6498 275 247 3426 5880 13 588 4711 642 643 1055 3707 34705 4250 432 247 2014 8609 18699 285 22022 512 273 352 715 8651 789 15 496 19554
olmoe,v2_outfutex,2,8,128,25.02,40.173,29.407,49.645,0.2808,1.536,1.9357,49.0,0.596,0.511,4.119,-1.0,0.0,24.42,27 187 187 18 15 380 3973 5405 27 11669 310 14900 15 187 19 15 380 6347 5405 27 22512 2550 320 11516 4336 715 789 15 187 20 15 380 12245 5405 27 733 310 7479 281 3986 7880 5058 3276 15 187 187 510 3973 5405 3054 326 2341 310 14900 285 476 320 9495 432 581 830 281 1529 15 831 2097 326 253 2264 2408 273 2341 275 247 4581 985 4558 3638 689 673 15 187 187 510 6347 5405 3054 326 352 310 7479 281 1973 247 4250 3948 326 13 6498 275 247 3426 5880 13 588 4711 642 643 1055 3707 34705 4250 432 247 2014 8609 18699 285 22022 512 273 352 715 8651 789 15 496 19554
olmoe,v2,0,8,128,37.66,26.057,24.076,29.625,0.2029,1.1099,1.3754,49.0,0.357,0.378,0.424,1.0,0.0,4.54,27 187 187 18 15 380 3973 5405 27 11669 310 14900 15 187 19 15 380 6347 5405 27 22512 2550 320 11516 4336 715 789 15 187 20 15 380 12245 5405 27 733 310 7479 281 3986 7880 5058 3276 15 187 187 510 3973 5405 3054 326 2341 310 14900 285 476 320 9495 432 581 830 281 1529 15 831 2097 326 253 2264 2408 273 2341 275 247 4581 985 4558 3638 689 673 15 187 187 510 6347 5405 3054 326 352 310 7479 281 1973 247 4250 3948 326 13 6498 275 247 3426 5880 13 588 4711 642 643 1055 3707 34705 4250 432 247 2014 8609 18699 285 22022 512 273 352 715 8651 789 15 496 19554,0.0412
olmoe,v2_futex0,0,8,128,35.78,24.223,16.661,41.843,0.1195,0.6537,0.9332,49.0,0.443,0.298,0.568,3.0,0.0,5.55,27 187 187 18 15 380 3973 5405 27 11669 310 14900 15 187 19 15 380 6347 5405 27 22512 2550 320 11516 4336 715 789 15 187 20 15 380 12245 5405 27 733 310 7479 281 3986 7880 5058 3276 15 187 187 510 3973 5405 3054 326 2341 310 14900 285 476 320 9495 432 581 830 281 1529 15 831 2097 326 253 2264 2408 273 2341 275 247 4581 985 4558 3638 689 673 15 187 187 510 6347 5405 3054 326 352 310 7479 281 1973 247 4250 3948 326 13 6498 275 247 3426 5880 13 588 4711 642 643 1055 3707 34705 4250 432 247 2014 8609 18699 285 22022 512 273 352 715 8651 789 15 496 19554,0.0402
olmoe,v2_futex4k,0,8,128,41.32,22.907,20.674,30.579,0.1397,0.7642,1.0062,49.0,0.348,0.342,0.461,1.0,0.0,6.08,27 187 187 18 15 380 3973 5405 27 11669 310 14900 15 187 19 15 380 6347 5405 27 22512 2550 320 11516 4336 715 789 15 187 20 15 380 12245 5405 27 733 310 7479 281 3986 7880 5058 3276 15 187 187 510 3973 5405 3054 326 2341 310 14900 285 476 320 9495 432 581 830 281 1529 15 831 2097 326 253 2264 2408 273 2341 275 247 4581 985 4558 3638 689 673 15 187 187 510 6347 5405 3054 326 352 310 7479 281 1973 247 4250 3948 326 13 6498 275 247 3426 5880 13 588 4711 642 643 1055 3707 34705 4250 432 247 2014 8609 18699 285 22022 512 273 352 715 8651 789 15 496 19554,0.0182
olmoe,v2_yield,0,8,128,37.26,25.838,20.44,34.668,0.2055,1.1241,1.3925,49.0,0.359,0.327,0.555,1.0,-0.0,6.53,27 187 187 18 15 380 3973 5405 27 11669 310 14900 15 187 19 15 380 6347 5405 27 22512 2550 320 11516 4336 715 789 15 187 20 15 380 12245 5405 27 733 310 7479 281 3986 7880 5058 3276 15 187 187 510 3973 5405 3054 326 2341 310 14900 285 476 320 9495 432 581 830 281 1529 15 831 2097 326 253 2264 2408 273 2341 275 247 4581 985 4558 3638 689 673 15 187 187 510 6347 5405 3054 326 352 310 7479 281 1973 247 4250 3948 326 13 6498 275 247 3426 5880 13 588 4711 642 643 1055 3707 34705 4250 432 247 2014 8609 18699 285 22022 512 273 352 715 8651 789 15 496 19554,0.0366
olmoe,v2_outfutex,0,8,128,44.56,20.797,19.334,26.179,0.1776,0.9715,1.1959,49.0,0.33,0.303,0.324,2.6,0.0,6.83,27 187 187 18 15 380 3973 5405 27 11669 310 14900 15 187 19 15 380 6347 5405 27 22512 2550 320 11516 4336 715 789 15 187 20 15 380 12245 5405 27 733 310 7479 281 3986 7880 5058 3276 15 187 187 510 3973 5405 3054 326 2341 310 14900 285 476 320 9495 432 581 830 281 1529 15 831 2097 326 253 2264 2408 273 2341 275 247 4581 985 4558 3638 689 673 15 187 187 510 6347 5405 3054 326 352 310 7479 281 1973 247 4250 3948 326 13 6498 275 247 3426 5880 13 588 4711 642 643 1055 3707 34705 4250 432 247 2014 8609 18699 285 22022 512 273 352 715 8651 789 15 496 19554,0.001
olmoe,v2,1,8,128,47.66,20.381,19.095,22.381,0.1671,0.914,1.1239,49.0,0.29,0.295,0.334,1.0,0.0,7.01,27 187 187 18 15 380 3973 5405 27 11669 310 14900 15 187 19 15 380 6347 5405 27 22512 2550 320 11516 4336 715 789 15 187 20 15 380 12245 5405 27 733 310 7479 281 3986 7880 5058 3276 15 187 187 510 3973 5405 3054 326 2341 310 14900 285 476 320 9495 432 581 830 281 1529 15 831 2097 326 253 2264 2408 273 2341 275 247 4581 985 4558 3638 689 673 15 187 187 510 6347 5405 3054 326 352 310 7479 281 1973 247 4250 3948 326 13 6498 275 247 3426 5880 13 588 4711 642 643 1055 3707 34705 4250 432 247 2014 8609 18699 285 22022 512 273 352 715 8651 789 15 496 19554,0.0007
olmoe,v2_futex0,1,8,128,47.15,20.41,19.161,22.151,0.1171,0.6405,0.8526,49.0,0.319,0.304,0.237,1.0,0.0,7.24,27 187 187 18 15 380 3973 5405 27 11669 310 14900 15 187 19 15 380 6347 5405 27 22512 2550 320 11516 4336 715 789 15 187 20 15 380 12245 5405 27 733 310 7479 281 3986 7880 5058 3276 15 187 187 510 3973 5405 3054 326 2341 310 14900 285 476 320 9495 432 581 830 281 1529 15 831 2097 326 253 2264 2408 273 2341 275 247 4581 985 4558 3638 689 673 15 187 187 510 6347 5405 3054 326 352 310 7479 281 1973 247 4250 3948 326 13 6498 275 247 3426 5880 13 588 4711 642 643 1055 3707 34705 4250 432 247 2014 8609 18699 285 22022 512 273 352 715 8651 789 15 496 19554,0.0003
olmoe,v2_futex4k,1,8,128,47.92,20.922,19.424,21.975,0.1321,0.7226,0.9313,49.0,0.296,0.3,0.419,1.0,-0.0,7.43,27 187 187 18 15 380 3973 5405 27 11669 310 14900 15 187 19 15 380 6347 5405 27 22512 2550 320 11516 4336 715 789 15 187 20 15 380 12245 5405 27 733 310 7479 281 3986 7880 5058 3276 15 187 187 510 3973 5405 3054 326 2341 310 14900 285 476 320 9495 432 581 830 281 1529 15 831 2097 326 253 2264 2408 273 2341 275 247 4581 985 4558 3638 689 673 15 187 187 510 6347 5405 3054 326 352 310 7479 281 1973 247 4250 3948 326 13 6498 275 247 3426 5880 13 588 4711 642 643 1055 3707 34705 4250 432 247 2014 8609 18699 285 22022 512 273 352 715 8651 789 15 496 19554,0.0002
olmoe,v2_yield,1,8,128,49.09,20.037,18.506,22.209,0.1621,0.8867,1.0904,49.0,0.308,0.314,0.308,1.0,0.0,6.88,27 187 187 18 15 380 3973 5405 27 11669 310 14900 15 187 19 15 380 6347 5405 27 22512 2550 320 11516 4336 715 789 15 187 20 15 380 12245 5405 27 733 310 7479 281 3986 7880 5058 3276 15 187 187 510 3973 5405 3054 326 2341 310 14900 285 476 320 9495 432 581 830 281 1529 15 831 2097 326 253 2264 2408 273 2341 275 247 4581 985 4558 3638 689 673 15 187 187 510 6347 5405 3054 326 352 310 7479 281 1973 247 4250 3948 326 13 6498 275 247 3426 5880 13 588 4711 642 643 1055 3707 34705 4250 432 247 2014 8609 18699 285 22022 512 273 352 715 8651 789 15 496 19554,0.0013
olmoe,v2_outfutex,1,8,128,44.92,20.948,19.409,23.299,0.1754,0.9594,1.1821,49.0,0.318,0.288,0.27,1.0,0.0,6.97,27 187 187 18 15 380 3973 5405 27 11669 310 14900 15 187 19 15 380 6347 5405 27 22512 2550 320 11516 4336 715 789 15 187 20 15 380 12245 5405 27 733 310 7479 281 3986 7880 5058 3276 15 187 187 510 3973 5405 3054 326 2341 310 14900 285 476 320 9495 432 581 830 281 1529 15 831 2097 326 253 2264 2408 273 2341 275 247 4581 985 4558 3638 689 673 15 187 187 510 6347 5405 3054 326 352 310 7479 281 1973 247 4250 3948 326 13 6498 275 247 3426 5880 13 588 4711 642 643 1055 3707 34705 4250 432 247 2014 8609 18699 285 22022 512 273 352 715 8651 789 15 496 19554,0.0008
olmoe,v2,2,8,128,48.2,20.726,19.662,21.815,0.1652,0.9036,1.1111,49.0,0.295,0.344,0.258,1.0,0.0,7.13,27 187 187 18 15 380 3973 5405 27 11669 310 14900 15 187 19 15 380 6347 5405 27 22512 2550 320 11516 4336 715 789 15 187 20 15 380 12245 5405 27 733 310 7479 281 3986 7880 5058 3276 15 187 187 510 3973 5405 3054 326 2341 310 14900 285 476 320 9495 432 581 830 281 1529 15 831 2097 326 253 2264 2408 273 2341 275 247 4581 985 4558 3638 689 673 15 187 187 510 6347 5405 3054 326 352 310 7479 281 1973 247 4250 3948 326 13 6498 275 247 3426 5880 13 588 4711 642 643 1055 3707 34705 4250 432 247 2014 8609 18699 285 22022 512 273 352 715 8651 789 15 496 19554,0.0007
olmoe,v2_futex0,2,8,128,52.32,17.981,15.939,21.973,0.1022,0.559,0.7502,49.0,0.341,0.332,0.187,1.0,0.0,7.33,27 187 187 18 15 380 3973 5405 27 11669 310 14900 15 187 19 15 380 6347 5405 27 22512 2550 320 11516 4336 715 789 15 187 20 15 380 12245 5405 27 733 310 7479 281 3986 7880 5058 3276 15 187 187 510 3973 5405 3054 326 2341 310 14900 285 476 320 9495 432 581 830 281 1529 15 831 2097 326 253 2264 2408 273 2341 275 247 4581 985 4558 3638 689 673 15 187 187 510 6347 5405 3054 326 352 310 7479 281 1973 247 4250 3948 326 13 6498 275 247 3426 5880 13 588 4711 642 643 1055 3707 34705 4250 432 247 2014 8609 18699 285 22022 512 273 352 715 8651 789 15 496 19554,0.0008
olmoe,v2_futex4k,2,8,128,48.31,19.816,18.619,21.76,0.1271,0.6952,0.9022,49.0,0.325,0.318,0.218,1.0,0.0,6.80,27 187 187 18 15 380 3973 5405 27 11669 310 14900 15 187 19 15 380 6347 5405 27 22512 2550 320 11516 4336 715 789 15 187 20 15 380 12245 5405 27 733 310 7479 281 3986 7880 5058 3276 15 187 187 510 3973 5405 3054 326 2341 310 14900 285 476 320 9495 432 581 830 281 1529 15 831 2097 326 253 2264 2408 273 2341 275 247 4581 985 4558 3638 689 673 15 187 187 510 6347 5405 3054 326 352 310 7479 281 1973 247 4250 3948 326 13 6498 275 247 3426 5880 13 588 4711 642 643 1055 3707 34705 4250 432 247 2014 8609 18699 285 22022 512 273 352 715 8651 789 15 496 19554,0.0004
olmoe,v2_yield,2,8,128,46.47,21.475,20.264,22.854,0.1715,0.9381,1.1533,49.0,0.268,0.305,0.408,1.0,0.0,6.41,27 187 187 18 15 380 3973 5405 27 11669 310 14900 15 187 19 15 380 6347 5405 27 22512 2550 320 11516 4336 715 789 15 187 20 15 380 12245 5405 27 733 310 7479 281 3986 7880 5058 3276 15 187 187 510 3973 5405 3054 326 2341 310 14900 285 476 320 9495 432 581 830 281 1529 15 831 2097 326 253 2264 2408 273 2341 275 247 4581 985 4558 3638 689 673 15 187 187 510 6347 5405 3054 326 352 310 7479 281 1973 247 4250 3948 326 13 6498 275 247 3426 5880 13 588 4711 642 643 1055 3707 34705 4250 432 247 2014 8609 18699 285 22022 512 273 352 715 8651 789 15 496 19554,0.0006
olmoe,v2_outfutex,2,8,128,46.74,19.921,18.507,23.102,0.1692,0.9255,1.1395,49.0,0.364,0.314,0.32,1.0,0.0,6.54,27 187 187 18 15 380 3973 5405 27 11669 310 14900 15 187 19 15 380 6347 5405 27 22512 2550 320 11516 4336 715 789 15 187 20 15 380 12245 5405 27 733 310 7479 281 3986 7880 5058 3276 15 187 187 510 3973 5405 3054 326 2341 310 14900 285 476 320 9495 432 581 830 281 1529 15 831 2097 326 253 2264 2408 273 2341 275 247 4581 985 4558 3638 689 673 15 187 187 510 6347 5405 3054 326 352 310 7479 281 1973 247 4250 3948 326 13 6498 275 247 3426 5880 13 588 4711 642 643 1055 3707 34705 4250 432 247 2014 8609 18699 285 22022 512 273 352 715 8651 789 15 496 19554,0.0006
