model,config,rep,threads,ngen,decode_tok_s,med_ms,p10_ms,p90_ms,cpu_s_per_tok,J_per_tok,J_per_tok_10W,barriers_per_tok,wait_share,quiet_wait_share,foreign_cpu,quiet_wait_s,drift_s,load1,tokens,runq_share
qwen3,v2,0,8,128,17.76,52.575,37.182,78.807,0.3879,2.1218,2.6849,57.0,0.668,0.586,3.217,-1.0,0.0,18.70,279 7168 339 11 1156 11 323 2086 6872 13 576 7168 339 2329 374 911 28387 55311 13 576 1156 2329 374 911 4802 28611 13 576 2086 2329 374 911 47502 323 279 5106 315 53457 11364 13 576 1156 2329 374 279 2329 315 28611 315 4802 13 576 2086 2329 374 911 279 5106 315 53457 11364 13 576 7168 339 2329 374 911 28387 55311 13 576 1156 2329 374 911 4802 28611 13 576 2086 2329 374 911 279 5106 315 53457 11364 13 576 7168 339 2329 374 911 28387 55311 13 576 1156 2329 374 911 4802 28611 13 576 2086 2329 374 911 279 5106 315 53457 11364 13 576 7168 339 2329 374 911 28387 55311 13 576,0.1384
qwen3,v2_futex0,0,8,128,7.14,168.695,16.607,209.035,0.1243,0.6799,2.0805,57.0,0.892,0.831,6.983,-1.0,0.0,21.48,279 7168 339 11 1156 11 323 2086 6872 13 576 7168 339 2329 374 911 28387 55311 13 576 1156 2329 374 911 4802 28611 13 576 2086 2329 374 911 47502 323 279 5106 315 53457 11364 13 576 1156 2329 374 279 2329 315 28611 315 4802 13 576 2086 2329 374 911 279 5106 315 53457 11364 13 576 7168 339 2329 374 911 28387 55311 13 576 1156 2329 374 911 4802 28611 13 576 2086 2329 374 911 279 5106 315 53457 11364 13 576 7168 339 2329 374 911 28387 55311 13 576 1156 2329 374 911 4802 28611 13 576 2086 2329 374 911 279 5106 315 53457 11364 13 576 7168 339 2329 374 911 28387 55311 13 576,0.2093
qwen3,v2_futex4k,0,8,128,16.9,47.902,16.351,124.002,0.1333,0.7292,1.3209,57.0,0.756,0.369,5.623,-1.0,0.0,23.53,279 7168 339 11 1156 11 323 2086 6872 13 576 7168 339 2329 374 911 28387 55311 13 576 1156 2329 374 911 4802 28611 13 576 2086 2329 374 911 47502 323 279 5106 315 53457 11364 13 576 1156 2329 374 279 2329 315 28611 315 4802 13 576 2086 2329 374 911 279 5106 315 53457 11364 13 576 7168 339 2329 374 911 28387 55311 13 576 1156 2329 374 911 4802 28611 13 576 2086 2329 374 911 279 5106 315 53457 11364 13 576 7168 339 2329 374 911 28387 55311 13 576 1156 2329 374 911 4802 28611 13 576 2086 2329 374 911 279 5106 315 53457 11364 13 576 7168 339 2329 374 911 28387 55311 13 576,0.1369
qwen3,v2_yield,0,8,128,4.24,235.527,228.278,242.974,0.2799,1.5311,3.8895,57.0,0.934,0.928,6.746,-1.0,0.0,24.25,279 7168 339 11 1156 11 323 2086 6872 13 576 7168 339 2329 374 911 28387 55311 13 576 1156 2329 374 911 4802 28611 13 576 2086 2329 374 911 47502 323 279 5106 315 53457 11364 13 576 1156 2329 374 279 2329 315 28611 315 4802 13 576 2086 2329 374 911 279 5106 315 53457 11364 13 576 7168 339 2329 374 911 28387 55311 13 576 1156 2329 374 911 4802 28611 13 576 2086 2329 374 911 279 5106 315 53457 11364 13 576 7168 339 2329 374 911 28387 55311 13 576 1156 2329 374 911 4802 28611 13 576 2086 2329 374 911 279 5106 315 53457 11364 13 576 7168 339 2329 374 911 28387 55311 13 576,0.8516
qwen3,v2_outfutex,0,8,128,31.22,31.036,23.891,42.003,0.2211,1.2094,1.5297,57.0,0.498,0.379,1.203,-1.0,0.0,28.11,279 7168 339 11 1156 11 323 2086 6872 13 576 7168 339 2329 374 911 28387 55311 13 576 1156 2329 374 911 4802 28611 13 576 2086 2329 374 911 47502 323 279 5106 315 53457 11364 13 576 1156 2329 374 279 2329 315 28611 315 4802 13 576 2086 2329 374 911 279 5106 315 53457 11364 13 576 7168 339 2329 374 911 28387 55311 13 576 1156 2329 374 911 4802 28611 13 576 2086 2329 374 911 279 5106 315 53457 11364 13 576 7168 339 2329 374 911 28387 55311 13 576 1156 2329 374 911 4802 28611 13 576 2086 2329 374 911 279 5106 315 53457 11364 13 576 7168 339 2329 374 911 28387 55311 13 576,0.104
qwen3,v2,1,8,128,31.4,31.152,19.975,43.365,0.2328,1.2734,1.5919,57.0,0.495,0.372,0.844,-1.0,0.0,28.42,279 7168 339 11 1156 11 323 2086 6872 13 576 7168 339 2329 374 911 28387 55311 13 576 1156 2329 374 911 4802 28611 13 576 2086 2329 374 911 47502 323 279 5106 315 53457 11364 13 576 1156 2329 374 279 2329 315 28611 315 4802 13 576 2086 2329 374 911 279 5106 315 53457 11364 13 576 7168 339 2329 374 911 28387 55311 13 576 1156 2329 374 911 4802 28611 13 576 2086 2329 374 911 279 5106 315 53457 11364 13 576 7168 339 2329 374 911 28387 55311 13 576 1156 2329 374 911 4802 28611 13 576 2086 2329 374 911 279 5106 315 53457 11364 13 576 7168 339 2329 374 911 28387 55311 13 576,0.0854
qwen3,v2_futex0,1,8,128,6.88,163.681,39.173,208.177,0.1316,0.7199,2.1733,57.0,0.891,0.849,7.03,-1.0,0.0,28.72,279 7168 339 11 1156 11 323 2086 6872 13 576 7168 339 2329 374 911 28387 55311 13 576 1156 2329 374 911 4802 28611 13 576 2086 2329 374 911 47502 323 279 5106 315 53457 11364 13 576 1156 2329 374 279 2329 315 28611 315 4802 13 576 2086 2329 374 911 279 5106 315 53457 11364 13 576 7168 339 2329 374 911 28387 55311 13 576 1156 2329 374 911 4802 28611 13 576 2086 2329 374 911 279 5106 315 53457 11364 13 576 7168 339 2329 374 911 28387 55311 13 576 1156 2329 374 911 4802 28611 13 576 2086 2329 374 911 279 5106 315 53457 11364 13 576 7168 339 2329 374 911 28387 55311 13 576,0.2014
qwen3,v2_futex4k,1,8,128,11.17,90.914,21.658,158.604,0.1472,0.8052,1.7004,57.0,0.825,0.704,6.256,-1.0,0.0,29.40,279 7168 339 11 1156 11 323 2086 6872 13 576 7168 339 2329 374 911 28387 55311 13 576 1156 2329 374 911 4802 28611 13 576 2086 2329 374 911 47502 323 279 5106 315 53457 11364 13 576 1156 2329 374 279 2329 315 28611 315 4802 13 576 2086 2329 374 911 279 5106 315 53457 11364 13 576 7168 339 2329 374 911 28387 55311 13 576 1156 2329 374 911 4802 28611 13 576 2086 2329 374 911 279 5106 315 53457 11364 13 576 7168 339 2329 374 911 28387 55311 13 576 1156 2329 374 911 4802 28611 13 576 2086 2329 374 911 279 5106 315 53457 11364 13 576 7168 339 2329 374 911 28387 55311 13 576,0.1583
qwen3,v2_yield,1,8,128,4.24,235.995,228.004,243.992,0.2949,1.6131,3.9716,57.0,0.931,0.936,6.726,-1.0,0.0,29.01,279 7168 339 11 1156 11 323 2086 6872 13 576 7168 339 2329 374 911 28387 55311 13 576 1156 2329 374 911 4802 28611 13 576 2086 2329 374 911 47502 323 279 5106 315 53457 11364 13 576 1156 2329 374 279 2329 315 28611 315 4802 13 576 2086 2329 374 911 279 5106 315 53457 11364 13 576 7168 339 2329 374 911 28387 55311 13 576 1156 2329 374 911 4802 28611 13 576 2086 2329 374 911 279 5106 315 53457 11364 13 576 7168 339 2329 374 911 28387 55311 13 576 1156 2329 374 911 4802 28611 13 576 2086 2329 374 911 279 5106 315 53457 11364 13 576 7168 339 2329 374 911 28387 55311 13 576,0.8433
qwen3,v2_outfutex,1,8,128,34.71,27.796,19.882,39.793,0.2007,1.0978,1.3859,57.0,0.458,0.348,1.161,-1.0,0.0,30.69,279 7168 339 11 1156 11 323 2086 6872 13 576 7168 339 2329 374 911 28387 55311 13 576 1156 2329 374 911 4802 28611 13 576 2086 2329 374 911 47502 323 279 5106 315 53457 11364 13 576 1156 2329 374 279 2329 315 28611 315 4802 13 576 2086 2329 374 911 279 5106 315 53457 11364 13 576 7168 339 2329 374 911 28387 55311 13 576 1156 2329 374 911 4802 28611 13 576 2086 2329 374 911 279 5106 315 53457 11364 13 576 7168 339 2329 374 911 28387 55311 13 576 1156 2329 374 911 4802 28611 13 576 2086 2329 374 911 279 5106 315 53457 11364 13 576 7168 339 2329 374 911 28387 55311 13 576,0.0856
qwen3,v2,2,8,128,30.21,32.093,21.739,43.272,0.2418,1.3226,1.6537,57.0,0.497,0.409,0.804,-1.0,0.0,30.50,279 7168 339 11 1156 11 323 2086 6872 13 576 7168 339 2329 374 911 28387 55311 13 576 1156 2329 374 911 4802 28611 13 576 2086 2329 374 911 47502 323 279 5106 315 53457 11364 13 576 1156 2329 374 279 2329 315 28611 315 4802 13 576 2086 2329 374 911 279 5106 315 53457 11364 13 576 7168 339 2329 374 911 28387 55311 13 576 1156 2329 374 911 4802 28611 13 576 2086 2329 374 911 279 5106 315 53457 11364 13 576 7168 339 2329 374 911 28387 55311 13 576 1156 2329 374 911 4802 28611 13 576 2086 2329 374 911 279 5106 315 53457 11364 13 576 7168 339 2329 374 911 28387 55311 13 576,0.0849
qwen3,v2_futex0,2,8,128,8.19,127.204,31.329,198.366,0.1398,0.7647,1.9857,57.0,0.862,0.78,6.813,-1.0,0.0,30.94,279 7168 339 11 1156 11 323 2086 6872 13 576 7168 339 2329 374 911 28387 55311 13 576 1156 2329 374 911 4802 28611 13 576 2086 2329 374 911 47502 323 279 5106 315 53457 11364 13 576 1156 2329 374 279 2329 315 28611 315 4802 13 576 2086 2329 374 911 279 5106 315 53457 11364 13 576 7168 339 2329 374 911 28387 55311 13 576 1156 2329 374 911 4802 28611 13 576 2086 2329 374 911 279 5106 315 53457 11364 13 576 7168 339 2329 374 911 28387 55311 13 576 1156 2329 374 911 4802 28611 13 576 2086 2329 374 911 279 5106 315 53457 11364 13 576 7168 339 2329 374 911 28387 55311 13 576,0.191
qwen3,v2_futex4k,2,8,128,12.62,67.513,18.644,147.867,0.1433,0.7839,1.5762,57.0,0.808,0.656,6.132,-1.0,0.0,30.21,279 7168 339 11 1156 11 323 2086 6872 13 576 7168 339 2329 374 911 28387 55311 13 576 1156 2329 374 911 4802 28611 13 576 2086 2329 374 911 47502 323 279 5106 315 53457 11364 13 576 1156 2329 374 279 2329 315 28611 315 4802 13 576 2086 2329 374 911 279 5106 315 53457 11364 13 576 7168 339 2329 374 911 28387 55311 13 576 1156 2329 374 911 4802 28611 13 576 2086 2329 374 911 279 5106 315 53457 11364 13 576 7168 339 2329 374 911 28387 55311 13 576 1156 2329 374 911 4802 28611 13 576 2086 2329 374 911 279 5106 315 53457 11364 13 576 7168 339 2329 374 911 28387 55311 13 576,0.1569
qwen3,v2_yield,2,8,128,4.24,235.402,228.0,244.001,0.3169,1.7334,4.0919,57.0,0.933,0.936,6.576,-1.0,0.0,30.23,279 7168 339 11 1156 11 323 2086 6872 13 576 7168 339 2329 374 911 28387 55311 13 576 1156 2329 374 911 4802 28611 13 576 2086 2329 374 911 47502 323 279 5106 315 53457 11364 13 576 1156 2329 374 279 2329 315 28611 315 4802 13 576 2086 2329 374 911 279 5106 315 53457 11364 13 576 7168 339 2329 374 911 28387 55311 13 576 1156 2329 374 911 4802 28611 13 576 2086 2329 374 911 279 5106 315 53457 11364 13 576 7168 339 2329 374 911 28387 55311 13 576 1156 2329 374 911 4802 28611 13 576 2086 2329 374 911 279 5106 315 53457 11364 13 576 7168 339 2329 374 911 28387 55311 13 576,0.8318
qwen3,v2_outfutex,2,8,128,36.74,27.651,19.067,35.499,0.1921,1.0508,1.323,57.0,0.447,0.351,1.027,-1.0,0.0,31.11,279 7168 339 11 1156 11 323 2086 6872 13 576 7168 339 2329 374 911 28387 55311 13 576 1156 2329 374 911 4802 28611 13 576 2086 2329 374 911 47502 323 279 5106 315 53457 11364 13 576 1156 2329 374 279 2329 315 28611 315 4802 13 576 2086 2329 374 911 279 5106 315 53457 11364 13 576 7168 339 2329 374 911 28387 55311 13 576 1156 2329 374 911 4802 28611 13 576 2086 2329 374 911 279 5106 315 53457 11364 13 576 7168 339 2329 374 911 28387 55311 13 576 1156 2329 374 911 4802 28611 13 576 2086 2329 374 911 279 5106 315 53457 11364 13 576 7168 339 2329 374 911 28387 55311 13 576,0.0829
qwen3,v2,0,8,128,57.65,16.959,16.626,17.866,0.1387,0.7587,0.9321,57.0,0.171,0.115,0.223,1.0,-0.0,5.55,279 7168 339 11 1156 11 323 2086 6872 13 576 7168 339 2329 374 911 28387 55311 13 576 1156 2329 374 911 4802 28611 13 576 2086 2329 374 911 47502 323 279 5106 315 53457 11364 13 576 1156 2329 374 279 2329 315 28611 315 4802 13 576 2086 2329 374 911 279 5106 315 53457 11364 13 576 7168 339 2329 374 911 28387 55311 13 576 1156 2329 374 911 4802 28611 13 576 2086 2329 374 911 279 5106 315 53457 11364 13 576 7168 339 2329 374 911 28387 55311 13 576 1156 2329 374 911 4802 28611 13 576 2086 2329 374 911 279 5106 315 53457 11364 13 576 7168 339 2329 374 911 28387 55311 13 576,0.0005
qwen3,v2_futex0,0,8,128,54.35,17.294,17.162,18.366,0.1235,0.6755,0.8595,57.0,0.179,0.127,0.023,1.0,-0.0,5.92,279 7168 339 11 1156 11 323 2086 6872 13 576 7168 339 2329 374 911 28387 55311 13 576 1156 2329 374 911 4802 28611 13 576 2086 2329 374 911 47502 323 279 5106 315 53457 11364 13 576 1156 2329 374 279 2329 315 28611 315 4802 13 576 2086 2329 374 911 279 5106 315 53457 11364 13 576 7168 339 2329 374 911 28387 55311 13 576 1156 2329 374 911 4802 28611 13 576 2086 2329 374 911 279 5106 315 53457 11364 13 576 7168 339 2329 374 911 28387 55311 13 576 1156 2329 374 911 4802 28611 13 576 2086 2329 374 911 279 5106 315 53457 11364 13 576 7168 339 2329 374 911 28387 55311 13 576,0.0007
qwen3,v2_futex4k,0,8,128,57.71,17.088,16.973,17.976,0.1347,0.7368,0.9101,57.0,0.126,0.091,0.019,1.0,-0.0,5.45,279 7168 339 11 1156 11 323 2086 6872 13 576 7168 339 2329 374 911 28387 55311 13 576 1156 2329 374 911 4802 28611 13 576 2086 2329 374 911 47502 323 279 5106 315 53457 11364 13 576 1156 2329 374 279 2329 315 28611 315 4802 13 576 2086 2329 374 911 279 5106 315 53457 11364 13 576 7168 339 2329 374 911 28387 55311 13 576 1156 2329 374 911 4802 28611 13 576 2086 2329 374 911 279 5106 315 53457 11364 13 576 7168 339 2329 374 911 28387 55311 13 576 1156 2329 374 911 4802 28611 13 576 2086 2329 374 911 279 5106 315 53457 11364 13 576 7168 339 2329 374 911 28387 55311 13 576,0.0008
qwen3,v2_yield,0,8,128,57.51,16.788,16.665,17.709,0.1389,0.7598,0.9337,57.0,0.13,0.11,0.007,1.0,-0.0,5.45,279 7168 339 11 1156 11 323 2086 6872 13 576 7168 339 2329 374 911 28387 55311 13 576 1156 2329 374 911 4802 28611 13 576 2086 2329 374 911 47502 323 279 5106 315 53457 11364 13 576 1156 2329 374 279 2329 315 28611 315 4802 13 576 2086 2329 374 911 279 5106 315 53457 11364 13 576 7168 339 2329 374 911 28387 55311 13 576 1156 2329 374 911 4802 28611 13 576 2086 2329 374 911 279 5106 315 53457 11364 13 576 7168 339 2329 374 911 28387 55311 13 576 1156 2329 374 911 4802 28611 13 576 2086 2329 374 911 279 5106 315 53457 11364 13 576 7168 339 2329 374 911 28387 55311 13 576,0.001
qwen3,v2_outfutex,0,8,128,57.43,16.863,16.759,17.905,0.1382,0.756,0.9301,57.0,0.123,0.124,0.0,1.0,-0.0,5.65,279 7168 339 11 1156 11 323 2086 6872 13 576 7168 339 2329 374 911 28387 55311 13 576 1156 2329 374 911 4802 28611 13 576 2086 2329 374 911 47502 323 279 5106 315 53457 11364 13 576 1156 2329 374 279 2329 315 28611 315 4802 13 576 2086 2329 374 911 279 5106 315 53457 11364 13 576 7168 339 2329 374 911 28387 55311 13 576 1156 2329 374 911 4802 28611 13 576 2086 2329 374 911 279 5106 315 53457 11364 13 576 7168 339 2329 374 911 28387 55311 13 576 1156 2329 374 911 4802 28611 13 576 2086 2329 374 911 279 5106 315 53457 11364 13 576 7168 339 2329 374 911 28387 55311 13 576,0.0003
qwen3,v2,1,8,128,60.3,16.313,16.089,17.239,0.1326,0.7253,0.8912,57.0,0.11,0.084,0.0,2.0,0.0,5.84,279 7168 339 11 1156 11 323 2086 6872 13 576 7168 339 2329 374 911 28387 55311 13 576 1156 2329 374 911 4802 28611 13 576 2086 2329 374 911 47502 323 279 5106 315 53457 11364 13 576 1156 2329 374 279 2329 315 28611 315 4802 13 576 2086 2329 374 911 279 5106 315 53457 11364 13 576 7168 339 2329 374 911 28387 55311 13 576 1156 2329 374 911 4802 28611 13 576 2086 2329 374 911 279 5106 315 53457 11364 13 576 7168 339 2329 374 911 28387 55311 13 576 1156 2329 374 911 4802 28611 13 576 2086 2329 374 911 279 5106 315 53457 11364 13 576 7168 339 2329 374 911 28387 55311 13 576,0.0008
qwen3,v2_futex0,1,8,128,54.76,17.985,17.72,18.693,0.1273,0.6963,0.8789,57.0,0.147,0.118,0.011,1.0,0.0,5.37,279 7168 339 11 1156 11 323 2086 6872 13 576 7168 339 2329 374 911 28387 55311 13 576 1156 2329 374 911 4802 28611 13 576 2086 2329 374 911 47502 323 279 5106 315 53457 11364 13 576 1156 2329 374 279 2329 315 28611 315 4802 13 576 2086 2329 374 911 279 5106 315 53457 11364 13 576 7168 339 2329 374 911 28387 55311 13 576 1156 2329 374 911 4802 28611 13 576 2086 2329 374 911 279 5106 315 53457 11364 13 576 7168 339 2329 374 911 28387 55311 13 576 1156 2329 374 911 4802 28611 13 576 2086 2329 374 911 279 5106 315 53457 11364 13 576 7168 339 2329 374 911 28387 55311 13 576,0.0004
qwen3,v2_futex4k,1,8,128,56.08,16.788,16.662,17.473,0.1344,0.7352,0.9135,57.0,0.156,0.121,0.0,1.0,0.0,5.37,279 7168 339 11 1156 11 323 2086 6872 13 576 7168 339 2329 374 911 28387 55311 13 576 1156 2329 374 911 4802 28611 13 576 2086 2329 374 911 47502 323 279 5106 315 53457 11364 13 576 1156 2329 374 279 2329 315 28611 315 4802 13 576 2086 2329 374 911 279 5106 315 53457 11364 13 576 7168 339 2329 374 911 28387 55311 13 576 1156 2329 374 911 4802 28611 13 576 2086 2329 374 911 279 5106 315 53457 11364 13 576 7168 339 2329 374 911 28387 55311 13 576 1156 2329 374 911 4802 28611 13 576 2086 2329 374 911 279 5106 315 53457 11364 13 576 7168 339 2329 374 911 28387 55311 13 576,0.0005
qwen3,v2_yield,1,8,128,59.07,16.808,16.571,17.415,0.1354,0.7406,0.9099,57.0,0.112,0.094,0.004,1.0,0.0,5.58,279 7168 339 11 1156 11 323 2086 6872 13 576 7168 339 2329 374 911 28387 55311 13 576 1156 2329 374 911 4802 28611 13 576 2086 2329 374 911 47502 323 279 5106 315 53457 11364 13 576 1156 2329 374 279 2329 315 28611 315 4802 13 576 2086 2329 374 911 279 5106 315 53457 11364 13 576 7168 339 2329 374 911 28387 55311 13 576 1156 2329 374 911 4802 28611 13 576 2086 2329 374 911 279 5106 315 53457 11364 13 576 7168 339 2329 374 911 28387 55311 13 576 1156 2329 374 911 4802 28611 13 576 2086 2329 374 911 279 5106 315 53457 11364 13 576 7168 339 2329 374 911 28387 55311 13 576,0.0005
qwen3,v2_outfutex,1,8,128,58.56,16.854,16.664,17.806,0.1358,0.7428,0.9136,57.0,0.108,0.088,0.0,1.0,0.0,5.78,279 7168 339 11 1156 11 323 2086 6872 13 576 7168 339 2329 374 911 28387 55311 13 576 1156 2329 374 911 4802 28611 13 576 2086 2329 374 911 47502 323 279 5106 315 53457 11364 13 576 1156 2329 374 279 2329 315 28611 315 4802 13 576 2086 2329 374 911 279 5106 315 53457 11364 13 576 7168 339 2329 374 911 28387 55311 13 576 1156 2329 374 911 4802 28611 13 576 2086 2329 374 911 279 5106 315 53457 11364 13 576 7168 339 2329 374 911 28387 55311 13 576 1156 2329 374 911 4802 28611 13 576 2086 2329 374 911 279 5106 315 53457 11364 13 576 7168 339 2329 374 911 28387 55311 13 576,0.0003
qwen3,v2,2,8,128,58.43,16.683,16.51,17.619,0.1368,0.7483,0.9194,57.0,0.112,0.087,0.0,1.0,-0.0,5.31,279 7168 339 11 1156 11 323 2086 6872 13 576 7168 339 2329 374 911 28387 55311 13 576 1156 2329 374 911 4802 28611 13 576 2086 2329 374 911 47502 323 279 5106 315 53457 11364 13 576 1156 2329 374 279 2329 315 28611 315 4802 13 576 2086 2329 374 911 279 5106 315 53457 11364 13 576 7168 339 2329 374 911 28387 55311 13 576 1156 2329 374 911 4802 28611 13 576 2086 2329 374 911 279 5106 315 53457 11364 13 576 7168 339 2329 374 911 28387 55311 13 576 1156 2329 374 911 4802 28611 13 576 2086 2329 374 911 279 5106 315 53457 11364 13 576 7168 339 2329 374 911 28387 55311 13 576,0.0005
qwen3,v2_futex0,2,8,128,57.97,17.035,16.876,17.599,0.1224,0.6695,0.842,57.0,0.134,0.139,0.019,1.0,-0.0,5.31,279 7168 339 11 1156 11 323 2086 6872 13 576 7168 339 2329 374 911 28387 55311 13 576 1156 2329 374 911 4802 28611 13 576 2086 2329 374 911 47502 323 279 5106 315 53457 11364 13 576 1156 2329 374 279 2329 315 28611 315 4802 13 576 2086 2329 374 911 279 5106 315 53457 11364 13 576 7168 339 2329 374 911 28387 55311 13 576 1156 2329 374 911 4802 28611 13 576 2086 2329 374 911 279 5106 315 53457 11364 13 576 7168 339 2329 374 911 28387 55311 13 576 1156 2329 374 911 4802 28611 13 576 2086 2329 374 911 279 5106 315 53457 11364 13 576 7168 339 2329 374 911 28387 55311 13 576,0.0006
qwen3,v2_futex4k,2,8,128,58.21,17.003,16.589,17.84,0.1345,0.7357,0.9075,57.0,0.124,0.13,0.011,1.0,-0.0,5.13,279 7168 339 11 1156 11 323 2086 6872 13 576 7168 339 2329 374 911 28387 55311 13 576 1156 2329 374 911 4802 28611 13 576 2086 2329 374 911 47502 323 279 5106 315 53457 11364 13 576 1156 2329 374 279 2329 315 28611 315 4802 13 576 2086 2329 374 911 279 5106 315 53457 11364 13 576 7168 339 2329 374 911 28387 55311 13 576 1156 2329 374 911 4802 28611 13 576 2086 2329 374 911 279 5106 315 53457 11364 13 576 7168 339 2329 374 911 28387 55311 13 576 1156 2329 374 911 4802 28611 13 576 2086 2329 374 911 279 5106 315 53457 11364 13 576 7168 339 2329 374 911 28387 55311 13 576,0.0008
qwen3,v2_yield,2,8,128,56.69,17.027,16.544,17.457,0.141,0.7713,0.9477,57.0,0.142,0.119,0.0,1.0,0.0,5.36,279 7168 339 11 1156 11 323 2086 6872 13 576 7168 339 2329 374 911 28387 55311 13 576 1156 2329 374 911 4802 28611 13 576 2086 2329 374 911 47502 323 279 5106 315 53457 11364 13 576 1156 2329 374 279 2329 315 28611 315 4802 13 576 2086 2329 374 911 279 5106 315 53457 11364 13 576 7168 339 2329 374 911 28387 55311 13 576 1156 2329 374 911 4802 28611 13 576 2086 2329 374 911 279 5106 315 53457 11364 13 576 7168 339 2329 374 911 28387 55311 13 576 1156 2329 374 911 4802 28611 13 576 2086 2329 374 911 279 5106 315 53457 11364 13 576 7168 339 2329 374 911 28387 55311 13 576,0.0007
qwen3,v2_outfutex,2,8,128,57.15,16.902,16.678,17.516,0.1393,0.762,0.9369,57.0,0.135,0.122,0.0,1.0,-0.0,4.93,279 7168 339 11 1156 11 323 2086 6872 13 576 7168 339 2329 374 911 28387 55311 13 576 1156 2329 374 911 4802 28611 13 576 2086 2329 374 911 47502 323 279 5106 315 53457 11364 13 576 1156 2329 374 279 2329 315 28611 315 4802 13 576 2086 2329 374 911 279 5106 315 53457 11364 13 576 7168 339 2329 374 911 28387 55311 13 576 1156 2329 374 911 4802 28611 13 576 2086 2329 374 911 279 5106 315 53457 11364 13 576 7168 339 2329 374 911 28387 55311 13 576 1156 2329 374 911 4802 28611 13 576 2086 2329 374 911 279 5106 315 53457 11364 13 576 7168 339 2329 374 911 28387 55311 13 576,0.0005
