impl,kernel,regime,threads,n_q,n_kv,heads,kv_heads,calls,wall_s,cpu_s,us_per_call,GFLOPs,GBps,proxy_uJ_per_call,relerr,check,drift_s,dv,mla,lib,case,rep,cpu_us,us
kurn-mla-amx-f16,attn_f16_d576,cold,8,1,2048,16,1,2010,0.502309,3.628865,249.905,285.32,9.72,9875.569,0.004275,ok,0.000000,512,1,kurn,decode-mla-h16-d2048,0,1805.4054726368158,249.905
kurn-mla-fma-f16,attn_f16_d576,cold,8,1,2048,16,1,891,0.500687,3.620583,561.938,126.89,4.32,22227.376,1.882e-06,ok,0.000000,512,1,kurn,decode-mla-h16-d2048,0,4063.50505050505,561.938
ggml-mla-fa-f16,attn_f16_d576,cold,8,1,2048,16,1,1024,0.512375,3.701320,500.366,142.50,4.85,19771.700,1.162e-03,ok,-0.000000,512,1,ggml-fa,decode-mla-h16-d2048,0,3614.5703125,500.366
kurn-mla-amx-f16,attn_f16_d576,cold,8,1,2048,128,1,670,0.501637,3.600680,748.712,761.88,3.9,29396.599,0.006061,ok,0.000000,512,1,kurn,decode-mla-h128-d2048,0,5374.149253731343,748.712
kurn-mla-fma-f16,attn_f16_d576,cold,8,1,2048,128,1,319,0.500098,3.595367,1567.705,363.86,1.86,61650.961,3.36e-06,ok,0.000000,512,1,kurn,decode-mla-h128-d2048,0,11270.742946708464,1567.705
ggml-mla-fa-f16,attn_f16_d576,cold,8,1,2048,128,1,128,0.600375,3.979969,4690.432,121.61,0.62,170081.474,1.181e-03,ok,0.000000,512,1,ggml-fa,decode-mla-h128-d2048,0,31093.5078125,4690.432
kurn-f16,attn_f16_d128,cold,8,1,2048,16,8,2108,0.503229,3.567121,238.724,70.28,35.21,9256.239,3.48e-07,ok,0.000000,128,0,kurn,decode-gqa-1.7B-d2048,0,1692.1826375711576,238.724
ggml-fa-f16,attn_f16_d128,cold,8,1,2048,16,8,704,0.585254,3.951346,831.327,20.18,10.11,30701.511,8.119e-04,ok,-0.000000,128,0,ggml-fa,decode-gqa-1.7B-d2048,0,5612.707386363636,831.327
kurn-mla-amx-f16,attn_f16_d576,cold,8,1,8192,16,1,599,0.502445,3.564015,838.806,340.02,11.33,32546.181,0.01231,FAIL,0.000000,512,1,kurn,decode-mla-h16-d8192,0,5949.941569282137,838.806
kurn-mla-fma-f16,attn_f16_d576,cold,8,1,8192,16,1,635,0.500350,3.791174,787.953,361.97,12.07,32657.827,5.615e-06,ok,0.000000,512,1,kurn,decode-mla-h16-d8192,0,5970.352755905512,787.953
ggml-mla-fa-f16,attn_f16_d576,cold,8,1,8192,16,1,256,0.572462,4.016330,2236.181,127.54,4.25,85817.682,2.692e-03,ok,0.000000,512,1,ggml-fa,decode-mla-h16-d8192,0,15688.7890625,2236.181
kurn-mla-amx-f16,attn_f16_d576,cold,8,1,8192,128,1,474,0.500533,3.774651,1055.977,2160.75,9.46,43559.795,0.005997,ok,0.000000,512,1,kurn,decode-mla-h128-d8192,0,7963.398734177215,1055.977
kurn-mla-fma-f16,attn_f16_d576,cold,8,1,8192,128,1,162,0.501212,3.555280,3093.902,737.48,3.23,120045.566,4.077e-06,ok,0.000000,512,1,kurn,decode-mla-h128-d8192,0,21946.172839506173,3093.902
ggml-mla-fa-f16,attn_f16_d576,cold,8,1,8192,128,1,128,1.942133,13.039240,15172.912,150.38,0.66,557223.780,1.854e-03,ok,-0.000000,512,1,ggml-fa,decode-mla-h128-d8192,0,101869.0625,15172.912
kurn-f16,attn_f16_d128,cold,8,1,8192,16,8,1041,0.500060,3.783583,480.365,139.7,69.89,19881.076,7.48e-07,ok,0.000000,128,0,kurn,decode-gqa-1.7B-d8192,0,3634.5658021133527,480.365
ggml-fa-f16,attn_f16_d128,cold,8,1,8192,16,8,105,0.559546,3.517650,5329.011,12.59,6.30,183252.818,2.098e-03,ok,-0.000000,128,0,ggml-fa,decode-gqa-1.7B-d8192,0,33501.42857142857,5329.011
kurn-mla-amx-f16,attn_f16_d576,cold,8,1,32768,16,1,271,0.503835,3.736695,1859.169,613.63,20.34,75423.326,0.003617,ok,0.000000,512,1,kurn,decode-mla-h16-d32768,0,13788.542435424355,1859.169
kurn-mla-fma-f16,attn_f16_d576,cold,8,1,32768,16,1,173,0.501373,3.760067,2898.107,393.65,13.05,118887.669,3.012e-06,ok,0.000000,512,1,kurn,decode-mla-h16-d32768,0,21734.49132947977,2898.107
ggml-mla-fa-f16,attn_f16_d576,cold,8,1,32768,16,1,57,0.662479,4.251628,11622.443,98.16,3.25,408007.066,5.118e-03,ok,0.000000,512,1,ggml-fa,decode-mla-h16-d32768,0,74589.9649122807,11622.443
kurn-mla-amx-f16,attn_f16_d576,cold,8,1,32768,128,1,178,0.500620,3.831690,2812.473,3245.12,13.62,117749.132,0.009277,ok,0.000000,512,1,kurn,decode-mla-h128-d32768,0,21526.34831460674,2812.473
kurn-mla-fma-f16,attn_f16_d576,cold,8,1,32768,128,1,53,0.502907,3.606279,9488.803,961.85,4.04,372195.175,5.309e-06,ok,0.000000,512,1,kurn,decode-mla-h128-d32768,0,68042.99999999999,9488.803
ggml-mla-fa-f16,attn_f16_d576,cold,8,1,32768,128,1,38,2.180398,14.277910,57378.907,159.06,0.67,2055267.504,4.665e-03,ok,0.000000,512,1,ggml-fa,decode-mla-h128-d32768,0,375734.47368421056,57378.907
kurn-f16,attn_f16_d128,cold,8,1,32768,16,8,259,0.501460,3.715020,1936.137,138.64,69.33,78460.078,1.211e-06,ok,0.000000,128,0,kurn,decode-gqa-1.7B-d32768,0,14343.706563706564,1936.137
ggml-fa-f16,attn_f16_d128,cold,8,1,32768,16,8,30,0.540593,3.463010,18019.777,14.90,7.45,631422.240,2.118e-03,ok,-0.000000,128,0,ggml-fa,decode-gqa-1.7B-d32768,0,115433.66666666667,18019.777
kurn-mla-amx-f16,attn_f16_d576,cold,8,1,2048,16,1,3164,0.500075,3.770810,158.051,451.14,15.37,6519.068,0.004275,ok,0.000000,512,1,kurn,decode-mla-h16-d2048,1,1191.7857142857142,158.051
kurn-mla-fma-f16,attn_f16_d576,cold,8,1,2048,16,1,877,0.502437,3.590610,572.905,124.46,4.24,22395.255,1.882e-06,ok,0.000000,512,1,kurn,decode-mla-h16-d2048,1,4094.196123147092,572.905
ggml-mla-fa-f16,attn_f16_d576,cold,8,1,2048,16,1,576,0.568234,3.631106,986.517,72.28,2.46,34482.901,1.162e-03,ok,0.000000,512,1,ggml-fa,decode-mla-h16-d2048,1,6304.003472222222,986.517
kurn-mla-amx-f16,attn_f16_d576,cold,8,1,2048,128,1,1054,0.501717,3.796535,476.013,1198.34,6.13,19703.081,0.006061,ok,0.000000,512,1,kurn,decode-mla-h128-d2048,1,3602.025616698292,476.013
kurn-mla-fma-f16,attn_f16_d576,cold,8,1,2048,128,1,323,0.500999,3.571506,1551.081,367.76,1.88,60483.391,3.36e-06,ok,0.000000,512,1,kurn,decode-mla-h128-d2048,1,11057.294117647058,1551.081
ggml-mla-fa-f16,attn_f16_d576,cold,8,1,2048,128,1,128,0.537336,3.675212,4197.941,135.88,0.69,157057.867,1.181e-03,ok,0.000000,512,1,ggml-fa,decode-mla-h128-d2048,1,28712.59375,4197.941
kurn-f16,attn_f16_d128,cold,8,1,2048,16,8,3253,0.507470,3.720729,156.001,107.55,53.88,6256.498,3.48e-07,ok,0.000000,128,0,kurn,decode-gqa-1.7B-d2048,1,1143.7838917921918,156.001
ggml-fa-f16,attn_f16_d128,cold,8,1,2048,16,8,576,0.540079,3.567600,937.638,17.89,8.96,33879.815,8.119e-04,ok,-0.000000,128,0,ggml-fa,decode-gqa-1.7B-d2048,1,6193.750000000001,937.638
kurn-mla-amx-f16,attn_f16_d576,cold,8,1,8192,16,1,778,0.500160,3.659388,642.879,443.65,14.79,25728.605,0.01231,FAIL,0.000000,512,1,kurn,decode-mla-h16-d8192,1,4703.58354755784,642.879
kurn-mla-fma-f16,attn_f16_d576,cold,8,1,8192,16,1,474,0.500208,3.646293,1055.291,270.27,9.01,42078.532,5.615e-06,ok,0.000000,512,1,kurn,decode-mla-h16-d8192,1,7692.6012658227855,1055.291
ggml-mla-fa-f16,attn_f16_d576,cold,8,1,8192,16,1,256,0.683818,4.776034,2671.165,106.77,3.56,102050.408,2.692e-03,ok,-0.000000,512,1,ggml-fa,decode-mla-h16-d8192,1,18656.3828125,2671.165
kurn-mla-amx-f16,attn_f16_d576,cold,8,1,8192,128,1,346,0.500606,3.569817,1446.838,1577.03,6.91,56436.119,0.005997,ok,0.000000,512,1,kurn,decode-mla-h128-d8192,1,10317.390173410406,1446.838
kurn-mla-fma-f16,attn_f16_d576,cold,8,1,8192,128,1,230,0.501488,3.797960,2180.381,1046.47,4.58,90325.392,4.077e-06,ok,0.000000,512,1,kurn,decode-mla-h128-d8192,1,16512.86956521739,2180.381
ggml-mla-fa-f16,attn_f16_d576,cold,8,1,8192,128,1,128,2.030728,13.347169,15865.060,143.82,0.63,570382.928,1.854e-03,ok,0.000000,512,1,ggml-fa,decode-mla-h128-d8192,1,104274.7578125,15865.06
kurn-f16,attn_f16_d128,cold,8,1,8192,16,8,769,0.500187,3.598680,650.438,103.17,51.61,25597.893,7.48e-07,ok,0.000000,128,0,kurn,decode-gqa-1.7B-d8192,1,4679.687906371912,650.438
ggml-fa-f16,attn_f16_d128,cold,8,1,8192,16,8,147,0.586217,3.878775,3987.870,16.83,8.42,144332.635,2.098e-03,ok,0.000000,128,0,ggml-fa,decode-gqa-1.7B-d8192,1,26386.224489795917,3987.87
kurn-mla-amx-f16,attn_f16_d576,cold,8,1,32768,16,1,224,0.500001,3.583994,2232.149,511.1,16.94,87519.865,0.003617,ok,0.000000,512,1,kurn,decode-mla-h16-d32768,1,15999.973214285716,2232.149
kurn-mla-fma-f16,attn_f16_d576,cold,8,1,32768,16,1,154,0.505139,3.699115,3280.120,347.81,11.53,131390.632,3.012e-06,ok,0.000000,512,1,kurn,decode-mla-h16-d32768,1,24020.227272727272,3280.12
ggml-mla-fa-f16,attn_f16_d576,cold,8,1,32768,16,1,57,0.701364,4.393026,12304.635,92.72,3.07,421576.398,5.118e-03,ok,-0.000000,512,1,ggml-fa,decode-mla-h16-d32768,1,77070.63157894736,12304.635
kurn-mla-amx-f16,attn_f16_d576,cold,8,1,32768,128,1,137,0.506217,3.653175,3695.015,2470.03,10.37,145860.359,0.009277,ok,0.000000,512,1,kurn,decode-mla-h128-d32768,1,26665.51094890511,3695.015
kurn-mla-fma-f16,attn_f16_d576,cold,8,1,32768,128,1,56,0.507399,3.661245,9060.696,1007.3,4.23,357625.139,5.309e-06,ok,0.000000,512,1,kurn,decode-mla-h128-d32768,1,65379.375,9060.696
ggml-mla-fa-f16,attn_f16_d576,cold,8,1,32768,128,1,38,2.133649,14.129084,56148.666,162.55,0.68,2033844.434,4.665e-03,ok,0.000000,512,1,ggml-fa,decode-mla-h128-d32768,1,371818.00000000006,56148.666
kurn-f16,attn_f16_d128,cold,8,1,32768,16,8,245,0.501246,3.666409,2045.904,131.21,65.61,81858.197,1.211e-06,ok,0.000000,128,0,kurn,decode-gqa-1.7B-d32768,1,14964.93469387755,2045.904
ggml-fa-f16,attn_f16_d128,cold,8,1,32768,16,8,30,0.579749,3.545380,19324.964,13.89,6.95,646441.017,2.118e-03,ok,0.000000,128,0,ggml-fa,decode-gqa-1.7B-d32768,1,118179.33333333334,19324.964
kurn-mla-amx-f16,attn_f16_d576,cold,8,1,2048,16,1,3761,0.500078,3.853039,132.964,536.26,18.27,5603.862,0.004275,ok,0.000000,512,1,kurn,decode-mla-h16-d2048,2,1024.4719489497475,132.964
kurn-mla-fma-f16,attn_f16_d576,cold,8,1,2048,16,1,1069,0.500070,3.649717,467.792,152.42,5.19,18675.351,1.882e-06,ok,0.000000,512,1,kurn,decode-mla-h16-d2048,2,3414.141253507951,467.792
ggml-mla-fa-f16,attn_f16_d576,cold,8,1,2048,16,1,640,0.514099,3.423019,803.280,88.77,3.02,29256.115,1.162e-03,ok,-0.000000,512,1,ggml-fa,decode-mla-h16-d2048,2,5348.467187499999,803.28
kurn-mla-amx-f16,attn_f16_d576,cold,8,1,2048,128,1,989,0.500082,3.763174,505.645,1128.12,5.77,20813.511,0.006061,ok,0.000000,512,1,kurn,decode-mla-h128-d2048,2,3805.0293225480277,505.645
kurn-mla-fma-f16,attn_f16_d576,cold,8,1,2048,128,1,338,0.504293,3.628300,1491.993,382.32,1.95,58718.344,3.36e-06,ok,0.000000,512,1,kurn,decode-mla-h128-d2048,2,10734.615384615385,1491.993
ggml-mla-fa-f16,attn_f16_d576,cold,8,1,2048,128,1,128,0.623172,4.083887,4868.529,117.17,0.60,174522.358,1.181e-03,ok,0.000000,512,1,ggml-fa,decode-mla-h128-d2048,2,31905.3671875,4868.529
kurn-f16,attn_f16_d128,cold,8,1,2048,16,8,3665,0.500269,3.736248,136.499,122.91,61.58,5576.337,3.48e-07,ok,0.000000,128,0,kurn,decode-gqa-1.7B-d2048,2,1019.4401091405184,136.499
ggml-fa-f16,attn_f16_d128,cold,8,1,2048,16,8,512,0.538066,3.420955,1050.909,15.96,8.00,36548.091,8.119e-04,ok,0.000000,128,0,ggml-fa,decode-gqa-1.7B-d2048,2,6681.552734375,1050.909
kurn-mla-amx-f16,attn_f16_d576,cold,8,1,8192,16,1,863,0.501994,3.691937,581.685,490.32,16.34,23400.807,0.01231,FAIL,0.000000,512,1,kurn,decode-mla-h16-d8192,2,4278.026651216685,581.685
kurn-mla-fma-f16,attn_f16_d576,cold,8,1,8192,16,1,456,0.503513,3.657110,1104.195,258.3,8.61,43869.275,5.615e-06,ok,0.000000,512,1,kurn,decode-mla-h16-d8192,2,8019.978070175439,1104.195
ggml-mla-fa-f16,attn_f16_d576,cold,8,1,8192,16,1,192,0.542374,3.688600,2824.863,100.97,3.37,105086.674,2.692e-03,ok,-0.000000,512,1,ggml-fa,decode-mla-h16-d8192,2,19211.458333333332,2824.863
kurn-mla-amx-f16,attn_f16_d576,cold,8,1,8192,128,1,321,0.500266,3.536814,1558.462,1464.07,6.41,60269.068,0.005997,ok,0.000000,512,1,kurn,decode-mla-h128-d8192,2,11018.112149532712,1558.462
kurn-mla-fma-f16,attn_f16_d576,cold,8,1,8192,128,1,226,0.501651,3.841272,2219.695,1027.93,4.5,92972.382,4.077e-06,ok,0.000000,512,1,kurn,decode-mla-h128-d8192,2,16996.778761061945,2219.695
ggml-mla-fa-f16,attn_f16_d576,cold,8,1,8192,128,1,128,1.979685,13.300716,15466.287,147.53,0.65,568397.790,1.854e-03,ok,0.000000,512,1,ggml-fa,decode-mla-h128-d8192,2,103911.84375,15466.287
kurn-f16,attn_f16_d128,cold,8,1,8192,16,8,844,0.502302,3.639382,595.145,112.76,56.41,23586.988,7.48e-07,ok,0.000000,128,0,kurn,decode-gqa-1.7B-d8192,2,4312.063981042654,595.145
ggml-fa-f16,attn_f16_d128,cold,8,1,8192,16,8,147,0.524676,3.540525,3569.227,18.80,9.41,131746.072,2.098e-03,ok,-0.000000,128,0,ggml-fa,decode-gqa-1.7B-d8192,2,24085.204081632655,3569.227
kurn-mla-amx-f16,attn_f16_d576,cold,8,1,32768,16,1,218,0.504148,3.612857,2312.607,493.32,16.35,90652.873,0.003617,ok,0.000000,512,1,kurn,decode-mla-h16-d32768,2,16572.738532110092,2312.607
kurn-mla-fma-f16,attn_f16_d576,cold,8,1,32768,16,1,152,0.502622,3.621052,3306.727,345.01,11.44,130310.241,3.012e-06,ok,0.000000,512,1,kurn,decode-mla-h16-d32768,2,23822.71052631579,3306.727
ggml-mla-fa-f16,attn_f16_d576,cold,8,1,32768,16,1,57,0.654960,4.284911,11490.535,99.29,3.29,411201.116,5.118e-03,ok,0.000000,512,1,ggml-fa,decode-mla-h16-d32768,2,75173.87719298246,11490.535
kurn-mla-amx-f16,attn_f16_d576,cold,8,1,32768,128,1,145,0.505286,3.661295,3484.733,2619.08,10.99,138119.210,0.009277,ok,0.000000,512,1,kurn,decode-mla-h128-d32768,2,25250.310344827583,3484.733
kurn-mla-fma-f16,attn_f16_d576,cold,8,1,32768,128,1,55,0.501243,3.602627,9113.507,1001.46,4.2,358297.606,5.309e-06,ok,0.000000,512,1,kurn,decode-mla-h128-d32768,2,65502.3090909091,9113.507
ggml-mla-fa-f16,attn_f16_d576,cold,8,1,32768,128,1,38,2.221951,14.068079,58472.387,156.09,0.66,2025062.927,4.665e-03,ok,0.000000,512,1,ggml-fa,decode-mla-h128-d32768,2,370212.60526315786,58472.387
kurn-f16,attn_f16_d128,cold,8,1,32768,16,8,247,0.500711,3.654170,2027.169,132.42,66.22,80924.333,1.211e-06,ok,0.000000,128,0,kurn,decode-gqa-1.7B-d32768,2,14794.21052631579,2027.169
ggml-fa-f16,attn_f16_d128,cold,8,1,32768,16,8,42,0.518970,3.840381,12356.424,21.72,10.86,500163.887,2.118e-03,ok,-0.000000,128,0,ggml-fa,decode-gqa-1.7B-d32768,2,91437.64285714286,12356.424
