case,impl,rep,regime,kernel,threads,n_q,n_kv,heads,kv_heads,calls,wall_s,cpu_s,us_per_call,GFLOPs,GBps,proxy_uJ_per_call,relerr,check,drift_s,dv,mla,cpu_us,us
prefill-1.7B-d512,kurn,0,hot,attn_f16_d128,8,512,512,16,8,71,0.500276,2.697379,7046.147,152.68,1.49,207812.174,0.004417,ok,0.000000,128,0,37991.25352112676,7046.147
prefill-1.7B-d512,kurn,0,hot,attn_q8_0_d128,8,512,512,16,8,55,0.501111,2.191441,9111.117,118.08,1.04,217948.815,0.002919,ok,0.000000,128,0,39844.38181818182,9111.117
prefill-1.7B-d512,kurn,0,hot,attn_f16_d128,8,512,512,16,8,61,0.503529,2.312225,8254.580,130.33,1.27,207342.112,6.282e-07,ok,0.000000,128,0,37905.327868852466,8254.58
prefill-1.7B-d512,ggml-fa,0,hot,attn_f16_d128,8,512,512,16,8,23,0.513439,2.720897,22323.456,48.19,0.47,647100.203,5.967e-07,ok,0.000000,128,0,118299.86956521739,22323.456
prefill-1.7B-d512,ggml-nofa,0,hot,attn_f16_d128,8,512,512,16,8,3,0.640935,3.718454,213645.098,5.04,0.05,6779981.798,2.328e-04,ok,0.000000,128,0,1239484.6666666665,213645.098
prefill-1.7B-d512,ggml-fa,0,hot,attn_q8_0_d128,8,512,512,16,8,15,0.524912,2.908742,34994.103,30.74,0.27,1060721.351,4.807e-03,ok,0.000000,128,0,193916.13333333336,34994.103
prefill-1.7B-d2048,kurn,0,hot,attn_f16_d128,8,512,2048,16,8,118,0.502962,3.697280,4262.388,1763.87,3.94,171390.844,0.006003,ok,0.000000,128,0,31332.881355932208,4262.388
prefill-1.7B-d2048,kurn,0,hot,attn_q8_0_d128,8,512,2048,16,8,108,0.500340,3.143393,4632.779,1622.85,2.77,159207.019,0.006151,ok,0.000000,128,0,29105.49074074074,4632.779
prefill-1.7B-d2048,kurn,0,hot,attn_f16_d128,8,512,2048,16,8,55,0.504487,3.116956,9172.496,819.66,1.83,309995.394,2.121e-06,ok,0.000000,128,0,56671.92727272728,9172.496
prefill-1.7B-d2048,ggml-fa,0,hot,attn_f16_d128,8,512,2048,16,8,9,0.534060,1.970828,59339.981,126.70,0.28,1197825.479,2.176e-06,ok,0.000000,128,0,218980.8888888889,59339.981
prefill-1.7B-d2048,ggml-nofa,0,hot,attn_f16_d128,8,512,2048,16,8,2,0.836248,3.057622,418123.995,17.98,0.04,8362596.523,3.443e-04,ok,0.000000,128,0,1528811.0,418123.995
prefill-1.7B-d2048,ggml-fa,0,hot,attn_q8_0_d128,8,512,2048,16,8,4,0.605978,2.873016,151494.543,49.63,0.08,3928849.839,1.005e-02,ok,0.000000,128,0,718254.0,151494.543
prefill-1.7B-d8192,kurn,0,hot,attn_f16_d128,8,512,8192,16,8,31,0.508478,2.764676,16402.502,2029.45,2.56,487831.529,0.005009,ok,0.000000,128,0,89183.09677419355,16402.502
prefill-1.7B-d8192,kurn,0,hot,attn_q8_0_d128,8,512,8192,16,8,25,0.511993,2.758495,20479.703,1625.42,1.28,603558.740,0.004458,ok,0.000000,128,0,110339.8,20479.703
prefill-1.7B-d8192,kurn,0,hot,attn_f16_d128,8,512,8192,16,8,12,0.535157,2.779708,44596.381,746.43,0.94,1267083.445,2.384e-06,ok,0.000000,128,0,231642.3333333333,44596.381
prefill-1.7B-d8192,ggml-fa,0,hot,attn_f16_d128,8,512,8192,16,8,7,0.546011,3.877421,78001.607,426.76,0.54,3029927.734,4.484e-06,ok,0.000000,128,0,553917.2857142857,78001.607
prefill-1.7B-d8192,ggml-nofa,0,hot,attn_f16_d128,8,512,8192,16,8,2,0.814453,4.250691,407226.369,81.74,0.10,11625640.446,6.235e-04,ok,0.000000,128,0,2125345.5,407226.369
prefill-1.7B-d8192,ggml-fa,0,hot,attn_q8_0_d128,8,512,8192,16,8,2,2.000893,11.173231,1000446.698,33.27,0.03,30558787.999,1.156e-02,ok,0.000000,128,0,5586615.5,1000446.698
prefill-1.7B-d16384,kurn,0,hot,attn_f16_d128,8,512,16384,16,8,24,0.509778,3.811762,21240.764,3184.81,3.55,868764.048,0.006991,ok,0.000000,128,0,158823.41666666666,21240.764
prefill-1.7B-d16384,kurn,0,hot,attn_q8_0_d128,8,512,16384,16,8,21,0.507661,3.485494,24174.336,2798.33,1.82,907888.318,0.005987,ok,0.000000,128,0,165975.90476190476,24174.336
prefill-1.7B-d16384,kurn,0,hot,attn_f16_d128,8,512,16384,16,8,10,0.534089,3.970261,53408.915,1266.6,1.41,2171732.663,4.537e-06,ok,0.000000,128,0,397026.1,53408.915
prefill-1.7B-d16384,ggml-fa,0,hot,attn_f16_d128,8,512,16384,16,8,3,0.606704,3.438539,202234.531,334.50,0.37,6269602.002,6.979e-06,ok,0.000000,128,0,1146179.6666666665,202234.531
prefill-1.7B-d16384,ggml-nofa,0,hot,attn_f16_d128,8,512,16384,16,8,2,1.084734,4.933566,542367.133,124.73,0.14,13493302.523,4.593e-04,ok,0.000000,128,0,2466783.0,542367.133
prefill-1.7B-d32768,kurn,0,hot,attn_f16_d128,8,512,32768,16,8,10,0.531677,3.457495,53167.748,2564.85,2.68,1891249.640,0.009568,ok,0.000000,128,0,345749.50000000006,53167.748
prefill-1.7B-d32768,kurn,0,hot,attn_q8_0_d128,8,512,32768,16,8,13,0.514584,4.023762,39583.369,3445.07,2.01,1693075.286,0.006854,ok,0.000000,128,0,309520.1538461538,39583.369
prefill-1.7B-d32768,kurn,0,hot,attn_f16_d128,8,512,32768,16,8,4,0.506232,3.171304,126557.969,1077.51,1.13,4336758.064,8.154e-06,ok,0.000000,128,0,792826.0,126557.969
prefill-1.7B-d32768,ggml-fa,0,hot,attn_f16_d128,8,512,32768,16,8,2,0.669214,4.149723,334607.166,407.54,0.43,11349493.373,5.400e-06,ok,0.000000,128,0,2074861.5,334607.166
prefill-1.7B-d512,kurn,1,hot,attn_f16_d128,8,512,512,16,8,352,0.500588,3.681627,1422.125,756.5,7.37,57211.641,0.004417,ok,0.000000,128,0,10459.167613636364,1422.125
prefill-1.7B-d512,kurn,1,hot,attn_q8_0_d128,8,512,512,16,8,566,0.500250,3.873374,883.835,1217.24,10.75,37433.490,0.002919,ok,0.000000,128,0,6843.4169611307425,883.835
prefill-1.7B-d512,kurn,1,hot,attn_f16_d128,8,512,512,16,8,82,0.500005,2.646930,6097.616,176.44,1.72,176569.596,6.282e-07,ok,0.000000,128,0,32279.63414634146,6097.616
prefill-1.7B-d512,ggml-fa,1,hot,attn_f16_d128,8,512,512,16,8,21,0.519069,2.217796,24717.563,43.53,0.42,577683.074,5.967e-07,ok,0.000000,128,0,105609.33333333333,24717.563
prefill-1.7B-d512,ggml-nofa,1,hot,attn_f16_d128,8,512,512,16,8,2,0.596753,3.145986,298376.696,3.61,0.04,8604271.100,2.328e-04,ok,0.000000,128,0,1572993.0,298376.696
prefill-1.7B-d512,ggml-fa,1,hot,attn_q8_0_d128,8,512,512,16,8,14,0.510820,2.563244,36487.175,29.49,0.26,1001496.021,4.807e-03,ok,0.000000,128,0,183088.85714285713,36487.175
prefill-1.7B-d2048,kurn,1,hot,attn_f16_d128,8,512,2048,16,8,92,0.500195,3.236998,5436.902,1382.83,3.09,192460.670,0.006003,ok,0.000000,128,0,35184.760869565216,5436.902
prefill-1.7B-d2048,kurn,1,hot,attn_q8_0_d128,8,512,2048,16,8,65,0.503999,2.392964,7753.832,969.62,1.66,201377.119,0.006151,ok,0.000000,128,0,36814.83076923077,7753.832
prefill-1.7B-d2048,kurn,1,hot,attn_f16_d128,8,512,2048,16,8,59,0.500094,3.337868,8476.176,886.99,1.98,309459.977,2.121e-06,ok,0.000000,128,0,56574.03389830508,8476.176
prefill-1.7B-d2048,ggml-fa,1,hot,attn_f16_d128,8,512,2048,16,8,13,0.516196,2.678568,39707.365,189.34,0.42,1127058.852,2.176e-06,ok,0.000000,128,0,206043.69230769228,39707.365
prefill-1.7B-d2048,ggml-nofa,1,hot,attn_f16_d128,8,512,2048,16,8,2,0.658057,3.505193,329028.618,22.85,0.05,9586703.938,3.443e-04,ok,0.000000,128,0,1752596.5,329028.618
prefill-1.7B-d2048,ggml-fa,1,hot,attn_q8_0_d128,8,512,2048,16,8,3,0.615301,2.254643,205100.246,36.66,0.06,4110965.321,1.005e-02,ok,0.000000,128,0,751547.6666666667,205100.246
prefill-1.7B-d8192,kurn,1,hot,attn_f16_d128,8,512,8192,16,8,48,0.502876,3.848402,10476.591,3177.38,4.0,438557.531,0.005009,ok,0.000000,128,0,80175.04166666667,10476.591
prefill-1.7B-d8192,kurn,1,hot,attn_q8_0_d128,8,512,8192,16,8,47,0.515784,3.847501,10974.123,3033.33,2.39,447783.605,0.004458,ok,0.000000,128,0,81861.72340425532,10974.123
prefill-1.7B-d8192,kurn,1,hot,attn_f16_d128,8,512,8192,16,8,14,0.505741,2.974299,36124.364,921.49,1.16,1162100.985,2.384e-06,ok,0.000000,128,0,212449.92857142855,36124.364
prefill-1.7B-d8192,ggml-fa,1,hot,attn_f16_d128,8,512,8192,16,8,4,0.561714,2.330271,140428.582,237.05,0.30,3186645.185,4.484e-06,ok,0.000000,128,0,582567.75,140428.582
prefill-1.7B-d8192,ggml-nofa,1,hot,attn_f16_d128,8,512,8192,16,8,2,0.548480,3.098102,274240.202,121.38,0.15,8473308.699,6.235e-04,ok,0.000000,128,0,1549051.0,274240.202
prefill-1.7B-d8192,ggml-fa,1,hot,attn_q8_0_d128,8,512,8192,16,8,2,1.681084,10.363465,840542.064,39.60,0.03,28344076.876,1.156e-02,ok,0.000000,128,0,5181732.5,840542.064
prefill-1.7B-d16384,kurn,1,hot,attn_f16_d128,8,512,16384,16,8,27,0.508283,3.860906,18825.299,3593.45,4.01,782190.940,0.006991,ok,0.000000,128,0,142996.5185185185,18825.299
prefill-1.7B-d16384,kurn,1,hot,attn_q8_0_d128,8,512,16384,16,8,23,0.519103,3.660894,22569.696,2997.29,1.95,870656.148,0.005987,ok,0.000000,128,0,159169.30434782608,22569.696
prefill-1.7B-d16384,kurn,1,hot,attn_f16_d128,8,512,16384,16,8,8,0.512004,3.302696,64000.531,1056.99,1.18,2258218.551,4.537e-06,ok,0.000000,128,0,412837.0,64000.531
prefill-1.7B-d16384,ggml-fa,1,hot,attn_f16_d128,8,512,16384,16,8,3,0.784912,3.411303,261637.355,258.56,0.29,6219941.801,6.979e-06,ok,0.000000,128,0,1137101.0000000002,261637.355
prefill-1.7B-d16384,ggml-nofa,1,hot,attn_f16_d128,8,512,16384,16,8,2,0.819032,4.891617,409516.199,165.19,0.18,13378571.888,4.593e-04,ok,0.000000,128,0,2445808.5,409516.199
prefill-1.7B-d32768,kurn,1,hot,attn_f16_d128,8,512,32768,16,8,8,0.528920,2.858739,66114.996,2062.58,2.16,1954662.881,0.009568,ok,0.000000,128,0,357342.375,66114.996
prefill-1.7B-d32768,kurn,1,hot,attn_q8_0_d128,8,512,32768,16,8,11,0.544279,3.754362,49479.941,2756.01,1.61,1866941.747,0.006854,ok,0.000000,128,0,341305.63636363635,49479.941
prefill-1.7B-d32768,kurn,1,hot,attn_f16_d128,8,512,32768,16,8,4,0.575312,3.520077,143828.121,948.13,0.99,4813705.542,8.154e-06,ok,0.000000,128,0,880019.25,143828.121
prefill-1.7B-d32768,ggml-fa,1,hot,attn_f16_d128,8,512,32768,16,8,2,0.919525,4.851005,459762.740,296.60,0.31,13267498.207,5.400e-06,ok,0.000000,128,0,2425502.5,459762.74
prefill-1.7B-d512,kurn,2,hot,attn_f16_d128,8,512,512,16,8,91,0.500008,3.194731,5494.591,195.8,1.91,192034.909,0.004417,ok,0.000000,128,0,35106.93406593406,5494.591
prefill-1.7B-d512,kurn,2,hot,attn_q8_0_d128,8,512,512,16,8,318,0.500790,3.631509,1574.810,683.15,6.03,62466.530,0.002919,ok,0.000000,128,0,11419.83962264151,1574.81
prefill-1.7B-d512,kurn,2,hot,attn_f16_d128,8,512,512,16,8,71,0.500157,2.612719,7044.467,152.72,1.49,201289.786,6.282e-07,ok,0.000000,128,0,36798.859154929574,7044.467
prefill-1.7B-d512,ggml-fa,2,hot,attn_f16_d128,8,512,512,16,8,33,0.501629,2.849079,15200.868,70.77,0.69,472256.439,5.967e-07,ok,0.000000,128,0,86335.72727272728,15200.868
prefill-1.7B-d512,ggml-nofa,2,hot,attn_f16_d128,8,512,512,16,8,20,0.759293,4.589500,37964.642,28.34,0.28,1255228.177,2.328e-04,ok,0.000000,128,0,229475.0,37964.642
prefill-1.7B-d512,ggml-fa,2,hot,attn_q8_0_d128,8,512,512,16,8,15,0.515035,2.836375,34335.638,31.33,0.28,1034331.374,4.807e-03,ok,0.000000,128,0,189091.66666666666,34335.638
prefill-1.7B-d2048,kurn,2,hot,attn_f16_d128,8,512,2048,16,8,87,0.503765,3.405841,5790.400,1298.41,2.9,214137.370,0.006003,ok,0.000000,128,0,39147.59770114943,5790.4
prefill-1.7B-d2048,kurn,2,hot,attn_q8_0_d128,8,512,2048,16,8,136,0.501059,3.526647,3684.255,2040.65,3.49,141843.799,0.006151,ok,0.000000,128,0,25931.227941176472,3684.255
prefill-1.7B-d2048,kurn,2,hot,attn_f16_d128,8,512,2048,16,8,66,0.501991,3.418583,7605.926,988.48,2.21,283327.990,2.121e-06,ok,0.000000,128,0,51796.71212121212,7605.926
prefill-1.7B-d2048,ggml-fa,2,hot,attn_f16_d128,8,512,2048,16,8,11,0.519497,2.037417,47226.969,159.19,0.36,1013151.828,2.176e-06,ok,0.000000,128,0,185219.7272727273,47226.969
prefill-1.7B-d2048,ggml-nofa,2,hot,attn_f16_d128,8,512,2048,16,8,2,0.652182,3.024584,326091.209,23.06,0.05,8272236.890,3.443e-04,ok,0.000000,128,0,1512292.0,326091.209
prefill-1.7B-d2048,ggml-fa,2,hot,attn_q8_0_d128,8,512,2048,16,8,4,0.535463,2.973954,133865.829,56.16,0.10,4066882.738,1.005e-02,ok,0.000000,128,0,743488.5,133865.829
prefill-1.7B-d8192,kurn,2,hot,attn_f16_d128,8,512,8192,16,8,32,0.512000,3.298370,15999.988,2080.51,2.62,563815.201,0.005009,ok,0.000000,128,0,103074.0625,15999.988
prefill-1.7B-d8192,kurn,2,hot,attn_q8_0_d128,8,512,8192,16,8,39,0.502853,3.536975,12893.657,2581.74,2.03,496083.399,0.004458,ok,0.000000,128,0,90691.66666666667,12893.657
prefill-1.7B-d8192,kurn,2,hot,attn_f16_d128,8,512,8192,16,8,20,0.512257,3.873331,25612.870,1299.66,1.64,1059356.050,2.384e-06,ok,0.000000,128,0,193666.55,25612.87
prefill-1.7B-d8192,ggml-fa,2,hot,attn_f16_d128,8,512,8192,16,8,5,0.520242,2.880062,104048.496,319.93,0.40,3150787.631,4.484e-06,ok,0.000000,128,0,576012.4,104048.496
prefill-1.7B-d8192,ggml-nofa,2,hot,attn_f16_d128,8,512,8192,16,8,3,0.585222,3.958173,195073.837,170.64,0.22,7217069.350,6.235e-04,ok,0.000000,128,0,1319391.0,195073.837
prefill-1.7B-d8192,ggml-fa,2,hot,attn_q8_0_d128,8,512,8192,16,8,2,1.656136,11.077492,828068.069,40.20,0.03,30296941.810,1.156e-02,ok,0.000000,128,0,5538746.0,828068.069
prefill-1.7B-d16384,kurn,2,hot,attn_f16_d128,8,512,16384,16,8,23,0.511212,3.689405,22226.628,3043.55,3.4,877436.728,0.006991,ok,0.000000,128,0,160408.91304347827,22226.628
prefill-1.7B-d16384,kurn,2,hot,attn_q8_0_d128,8,512,16384,16,8,23,0.516205,3.838935,22443.701,3014.11,1.96,912998.959,0.005987,ok,0.000000,128,0,166910.21739130435,22443.701
prefill-1.7B-d16384,kurn,2,hot,attn_f16_d128,8,512,16384,16,8,9,0.546328,3.434208,60703.119,1114.4,1.24,2087235.175,4.537e-06,ok,0.000000,128,0,381578.6666666667,60703.119
prefill-1.7B-d16384,ggml-fa,2,hot,attn_f16_d128,8,512,16384,16,8,3,0.534174,3.256505,178057.889,379.92,0.42,5937694.401,6.979e-06,ok,0.000000,128,0,1085501.6666666667,178057.889
prefill-1.7B-d16384,ggml-nofa,2,hot,attn_f16_d128,8,512,16384,16,8,2,0.861737,5.424160,430868.425,157.00,0.18,14835078.292,4.593e-04,ok,0.000000,128,0,2712080.0,430868.425
prefill-1.7B-d32768,kurn,2,hot,attn_f16_d128,8,512,32768,16,8,10,0.516982,3.378184,51698.249,2637.75,2.76,1847866.728,0.009568,ok,0.000000,128,0,337818.4,51698.249
prefill-1.7B-d32768,kurn,2,hot,attn_q8_0_d128,8,512,32768,16,8,11,0.515990,3.705141,46908.183,2907.11,1.7,1842465.548,0.006854,ok,0.000000,128,0,336831.0,46908.183
prefill-1.7B-d32768,kurn,2,hot,attn_f16_d128,8,512,32768,16,8,5,0.597595,4.169386,119519.099,1140.97,1.19,4561307.771,8.154e-06,ok,0.000000,128,0,833877.2000000001,119519.099
prefill-1.7B-d32768,ggml-fa,2,hot,attn_f16_d128,8,512,32768,16,8,2,0.828386,4.651193,414192.797,329.24,0.34,12721012.152,5.400e-06,ok,0.000000,128,0,2325596.5,414192.797
