case,impl,reps,us_med,us_min,us_max,GFLOPs,GBps,cpu_wall,uJ_per_call,relerr,check,drift_s,load
prefill-1.7B-d512,kurn-amx-f16,3,1181.7,983.83,1283.35,910.41,8.87,7.36,47568.5,0.004417,ok,0.0,35.43
prefill-1.7B-d512,kurn-amx-q8_0,3,1148.03,1063.13,1447.04,937.12,8.28,7.42,46577.6,0.002919,ok,0.0,35.43
prefill-1.7B-d512,kurn-amx-f16-t128x256,3,1867.01,1642.77,1894.12,576.24,5.62,7.22,73714.7,0.004417,ok,0.0,35.43
prefill-1.7B-d512,kurn-fma-f16,3,1669.59,1397.11,1755.6,644.37,6.28,7.25,66250.4,6.282e-07,ok,0.0,35.43
prefill-1.7B-d512,ggml-fa-f16,3,3548.26,3404.62,4443.92,303.20,2.96,7.41,143828.8,5.967e-07,ok,0.0,35.43
prefill-1.7B-d512,ggml-nofa-f16,3,16672.39,13310.31,17621.87,64.53,0.63,6.97,635531.4,0.0002328,ok,0.0,35.43
prefill-1.7B-d512,ggml-fa-q8_0,3,18100.5,16249.69,18832.75,59.44,0.52,6.87,679974.9,0.004807,ok,0.0,35.43
prefill-1.7B-d2048,kurn-amx-f16,3,3387.6,2829.65,3918.89,2219.36,4.95,7.24,134081.0,0.006003,ok,0.0,35.43
prefill-1.7B-d2048,kurn-amx-q8_0,3,3081.24,2727.88,3301.07,2440.02,4.17,7.43,125221.2,0.006151,ok,0.0,35.43
prefill-1.7B-d2048,kurn-amx-f16-t128x256,3,3258.75,2779.37,3363.51,2307.11,5.15,7.39,131712.3,0.006003,ok,0.0,35.43
prefill-1.7B-d2048,kurn-fma-f16,3,6601.36,5897.81,6845.55,1138.9,2.54,7.25,260401.0,2.121e-06,ok,0.0,35.43
prefill-1.7B-d2048,ggml-fa-f16,3,18024.53,16667.71,20451.11,417.11,0.93,7.3,719634.8,2.176e-06,ok,0.0,35.43
prefill-1.7B-d2048,ggml-nofa-f16,3,49553.21,35808.93,51911.8,151.72,0.34,6.93,1877624.2,0.0003443,ok,0.0,35.43
prefill-1.7B-d2048,ggml-fa-q8_0,3,96129.97,90141.53,101761.28,78.21,0.13,6.53,3434159.0,0.01005,ok,0.0,35.43
prefill-1.7B-d8192,kurn-amx-f16,3,10235.84,9574.06,10431.23,3252.11,4.1,7.41,405926.0,0.005009,ok,0.0,35.43
prefill-1.7B-d8192,kurn-amx-q8_0,3,10178.15,10127.45,11731.07,3270.54,2.58,7.63,425001.6,0.004458,ok,0.0,35.43
prefill-1.7B-d8192,kurn-amx-f16-t128x256,3,8842.56,8544.74,9460.57,3764.53,4.74,7.3,353027.1,0.004187,ok,0.0,35.43
prefill-1.7B-d8192,kurn-fma-f16,3,23760.47,23580.06,24709.5,1400.99,1.77,7.56,981974.6,2.384e-06,ok,0.0,35.43
prefill-1.7B-d8192,ggml-fa-f16,3,68121.77,68021.38,69309.58,488.66,0.62,7.29,2718064.2,4.484e-06,ok,0.0,35.43
prefill-1.7B-d8192,ggml-nofa-f16,3,114998.12,114718.65,142278.45,289.47,0.36,7.53,4734524.6,0.0006235,ok,0.0,35.43
prefill-1.7B-d8192,ggml-fa-q8_0,3,827250.72,802586.46,859188.83,40.24,0.03,6.46,29781021.2,0.01156,ok,0.0,35.43
prefill-1.7B-d16384,kurn-amx-f16,3,19732.96,18794.17,20112.22,3428.16,3.83,7.18,775174.9,0.006991,ok,0.0,35.43
prefill-1.7B-d16384,kurn-amx-q8_0,3,21000.5,20834.26,21109.95,3221.25,2.1,7.18,826248.5,0.005987,ok,0.0,35.43
prefill-1.7B-d16384,kurn-amx-f16-t128x256,3,16862.63,16590.9,17267.47,4011.7,4.48,7.24,667912.5,0.007,ok,0.0,35.43
prefill-1.7B-d16384,kurn-fma-f16,3,49426.28,48570.32,50201.51,1368.66,1.53,7.29,1969011.8,4.537e-06,ok,0.0,35.43
prefill-1.7B-d16384,ggml-fa-f16,3,141995.2,135263.29,144974.75,476.41,0.53,6.68,5299085.7,6.979e-06,ok,0.0,35.43
prefill-1.7B-d16384,ggml-nofa-f16,3,240138.86,238388.46,270976.01,281.70,0.31,7.37,9723745.5,0.0004593,ok,0.0,35.43
prefill-1.7B-d32768,kurn-amx-f16,3,37930.58,37837.93,38020.84,3595.18,3.76,7.46,1550607.9,0.009568,ok,0.0,35.43
prefill-1.7B-d32768,kurn-amx-q8_0,3,40839.83,40445.8,41386.88,3339.08,1.95,7.38,1659117.9,0.006854,ok,0.0,35.43
prefill-1.7B-d32768,kurn-amx-f16-t128x256,3,32789.44,30840.02,32935.14,4158.88,4.35,7.27,1283608.3,0.009569,ok,0.0,35.43
prefill-1.7B-d32768,kurn-fma-f16,3,98719.57,96229.76,99319.96,1381.36,1.44,7.35,3922297.2,8.154e-06,ok,0.0,35.43
prefill-1.7B-d32768,ggml-fa-f16,3,279549.56,259359.46,284199.74,487.81,0.51,6.83,10440312.8,5.4e-06,ok,0.0,35.43
