tile_q,tile_kv,us,cpu_us,energy_uJ,edp,GFLOPs,GBps,relerr
128,256,5920.602,43434.72781065089,237587.96112426036,1406663757.808218,3083.42,3.11,0.00794
128,64,6178.047,44761.32716049383,244844.4595679012,1512660578.9000933,2954.93,2.98,0.00794
128,128,6146.477,45067.0736196319,246516.89269938646,1515210411.0882468,2970.11,3.0,0.00794
64,256,6164.417,46105.77914110429,252198.61190184046,1554657410.5841076,2961.47,2.99,0.00794
64,64,6648.416,48399.29801324503,264744.1601324503,1760129310.1311445,2745.87,2.77,0.00794
64,128,6628.312,48456.69536423841,265058.1236423841,1756887941.636298,2754.2,2.78,0.00794
32,128,7040.843,51761.48951048951,283135.3476223776,1993511530.359584,2592.83,2.62,0.00794
32,256,7754.829,56562.317829457366,309395.8785271318,2399312131.282679,2354.11,2.37,0.00794
32,64,7942.735,58467.65079365079,319818.0498412698,2540230018.105998,2298.42,2.32,0.00794
