fmt,K,N,count,M,cols,us,GBps,spread,relerr
q4_0,4096,4096,2,1,1,84.9,111.4,0.14,3.836e-07
q4_0,4096,4096,2,2,2,134.18,70.6,0.348,4.125e-07
q4_0,4096,4096,2,3,4,154.34,61.5,0.412,4.125e-07
q4_0,4096,4096,2,4,4,146.04,65.2,0.187,4.125e-07
q4_0,4096,4096,2,5,8,176.45,54.1,0.105,4.125e-07
q4_0,4096,4096,2,6,8,174.34,54.8,0.035,4.125e-07
q4_0,4096,4096,2,7,8,174.89,54.8,0.009,4.125e-07
q4_0,4096,4096,2,8,8,176.04,54.6,0.109,4.561e-07
q4_0,4096,1024,2,1,1,22.28,106.3,0.46,3.299e-07
q4_0,4096,1024,2,2,2,33.78,70.3,0.02,3.707e-07
q4_0,4096,1024,2,3,4,38.52,61.9,0.009,3.707e-07
q4_0,4096,1024,2,4,4,38.43,62.3,0.428,3.615e-07
q4_0,4096,1024,2,5,8,46.75,51.4,0.397,3.592e-07
q4_0,4096,1024,2,6,8,46.64,51.7,0.057,4.311e-07
q4_0,4096,1024,2,7,8,46.68,51.8,0.035,4.311e-07
q4_0,4096,1024,2,8,8,47.13,51.5,0.024,4.223e-07
q4_0,4096,12288,2,1,1,253.09,112.1,0.262,4.162e-07
q4_0,4096,12288,2,2,2,377.24,75.3,0.048,4.162e-07
q4_0,4096,12288,2,3,4,431.61,66.0,0.327,3.998e-07
q4_0,4096,12288,2,4,4,428.77,66.5,0.02,3.944e-07
q4_0,4096,12288,2,5,8,526.7,54.3,0.037,3.944e-07
q4_0,4096,12288,2,6,8,535.62,53.5,0.062,3.944e-07
q4_0,4096,12288,2,7,8,546.71,52.5,0.248,3.944e-07
q4_0,4096,12288,2,8,8,525.25,54.7,0.05,3.944e-07
q4_0,12288,4096,1,1,1,245.62,115.4,0.264,5.259e-07
q4_0,12288,4096,1,2,2,422.69,67.1,0.083,8.125e-07
q4_0,12288,4096,1,3,4,447.84,63.4,0.014,8.125e-07
q4_0,12288,4096,1,4,4,592.11,48.0,0.289,7.85e-07
q4_0,12288,4096,1,5,8,526.93,54.0,0.203,7.109e-07
q4_0,12288,4096,1,6,8,540.07,52.7,0.15,7.109e-07
q4_0,12288,4096,1,7,8,528.09,54.0,0.239,7.109e-07
q4_0,12288,4096,1,8,8,527.21,54.1,0.028,7.109e-07
q4_K,4096,4096,2,1,1,85.88,110.1,0.042,2.021e-07
q4_K,4096,4096,2,2,2,133.16,71.2,0.053,1.913e-07
q4_K,4096,4096,2,3,4,147.86,64.3,0.044,1.609e-07
q4_K,4096,4096,2,4,4,154.99,61.4,0.051,2.145e-07
q4_K,4096,4096,2,5,8,182.84,52.2,0.071,2.145e-07
q4_K,4096,4096,2,6,8,183.94,52.0,0.149,2.058e-07
q4_K,4096,4096,2,7,8,183.23,52.3,0.061,2.058e-07
q4_K,4096,4096,2,8,8,184.54,52.0,0.054,1.499e-07
q4_K,4096,1024,2,1,1,23.09,102.5,0.073,1.363e-07
q4_K,4096,1024,2,2,2,33.99,69.9,0.055,2.045e-07
q4_K,4096,1024,2,3,4,39.11,61.0,0.071,2.045e-07
q4_K,4096,1024,2,4,4,39.17,61.1,0.049,2.045e-07
q4_K,4096,1024,2,5,8,48.73,49.3,0.032,2.045e-07
q4_K,4096,1024,2,6,8,48.62,49.6,0.03,2.045e-07
q4_K,4096,1024,2,7,8,50.46,48.0,0.152,2.042e-07
q4_K,4096,1024,2,8,8,48.77,49.8,0.005,2.042e-07
q4_K,4096,12288,2,1,1,254.1,111.6,0.004,2.451e-07
q4_K,4096,12288,2,2,2,381.6,74.5,0.009,2.044e-07
q4_K,4096,12288,2,3,4,437.15,65.1,0.012,2.044e-07
q4_K,4096,12288,2,4,4,434.7,65.6,0.042,2.044e-07
q4_K,4096,12288,2,5,8,534.47,53.5,0.024,2.044e-07
q4_K,4096,12288,2,6,8,529.87,54.0,0.029,2.044e-07
q4_K,4096,12288,2,7,8,544.21,52.7,0.067,2.028e-07
q4_K,4096,12288,2,8,8,540.11,53.2,0.008,2.028e-07
q4_K,12288,4096,1,1,1,255.12,111.1,0.005,3.647e-07
q4_K,12288,4096,1,2,2,378.1,75.0,0.037,3.647e-07
q4_K,12288,4096,1,3,4,441.31,64.4,0.03,2.901e-07
q4_K,12288,4096,1,4,4,438.32,64.9,0.013,2.708e-07
q4_K,12288,4096,1,5,8,535.47,53.2,0.005,2.708e-07
q4_K,12288,4096,1,6,8,537.75,53.0,0.013,2.877e-07
q4_K,12288,4096,1,7,8,565.67,50.4,0.093,2.877e-07
q4_K,12288,4096,1,8,8,541.98,52.7,0.194,3.197e-07
