model,mode,threads,decode_tok_s,decode_spread,decode_J_tok,prefill_tok_s,prefill_spread,prefill_J_tok,ppl_ub1,ppl_ub1_err,ppl_batched,ppl_batched_err,rss_mb,anon_mb,file_mb,max_load,min_cpu_wall,max_drift_s,reps,commit,timestamp
Qwen3-1.7B-Q8_0,default,8,43.826,,0.95,685.742,,0.059,,,,,3769,2027,1760,2.06,4.0,0.0,1,4ebdf2c74,2026-10-03T16:27:40Z
Qwen3-1.7B-Q8_0,plain,8,22.386,,1.941,264.425,,0.164,,,,,1833,78,1755,2.06,2.32,0.0,1,4ebdf2c74,2026-10-03T16:27:40Z
Qwen3-1.7B-Q8_0,kurn,8,42.174,,1.024,770.954,,0.054,,,,,3585,1842,1760,2.06,1.16,0.0,1,a35bcc779,2026-10-03T16:27:40Z
Qwen3-1.7B-Q4_0,default,8,59.054,,0.733,689.387,,0.06,,,,,2082,1078,1016,2.06,0.83,0.0,1,4ebdf2c74,2026-10-03T16:27:40Z
Qwen3-1.7B-Q4_0,plain,8,33.886,,1.288,243.085,,0.177,,,,,1089,78,1011,2.06,2.12,0.0,1,4ebdf2c74,2026-10-03T16:27:40Z
Qwen3-1.7B-Q4_0,kurn,8,51.62,,0.842,747.825,,0.056,,,,,2093,1088,1016,2.06,1.2,0.0,1,a35bcc779,2026-10-03T16:27:40Z
Qwen3-1.7B-Q4_K_M,default,8,38.996,,1.047,623.747,,0.057,,,,,2201,1146,1066,2.06,1.67,0.0,1,4ebdf2c74,2026-10-03T16:27:40Z
Qwen3-1.7B-Q4_K_M,plain,8,34.577,,1.263,593.425,,0.071,,,,,1140,78,1061,2.06,2.32,0.0,1,4ebdf2c74,2026-10-03T16:27:40Z
Qwen3-1.7B-Q4_K_M,kurn,8,42.744,,1.017,623.498,,0.068,,,,,2211,1156,1066,2.06,1.33,0.0,1,a35bcc779,2026-10-03T16:27:40Z
Qwen3-1.7B-IQ4_NL,default,8,35.777,,1.194,366.479,,0.115,,,,,2092,1083,1020,2.06,0.66,0.0,1,4ebdf2c74,2026-10-03T16:27:40Z
Qwen3-1.7B-IQ4_NL,plain,8,31.496,,1.386,232.19,,0.187,,,,,1094,78,1015,2.06,2.3,0.0,1,4ebdf2c74,2026-10-03T16:27:40Z
Qwen3-1.7B-IQ4_NL,kurn,8,47.284,,0.924,727.383,,0.06,,,,,2102,1093,1021,2.06,1.25,0.0,1,a35bcc779,2026-10-03T16:27:40Z
OLMoE-1B-7B-0125-Instruct-Q8_0,default,8,37.672,,1.025,262.423,,0.15,,,,,7502,473,7029,2.06,0.65,0.0,1,4ebdf2c74,2026-10-03T16:27:40Z
OLMoE-1B-7B-0125-Instruct-Q8_0,plain,8,33.617,,1.299,233.685,,0.187,,,,,7081,53,7029,2.06,1.86,0.0,1,4ebdf2c74,2026-10-03T16:27:40Z
OLMoE-1B-7B-0125-Instruct-Q8_0,kurn,8,47.469,,0.884,644.204,,0.062,,,,,14076,7047,7029,2.06,1.04,0.0,1,a35bcc779,2026-10-03T16:27:40Z
Bonsai-1.7B-Q1_0,default,8,105.412,,0.409,184.809,,0.236,,,,,321,78,242,2.06,1.11,0.0,1,4ebdf2c74,2026-10-03T16:27:40Z
Bonsai-1.7B-Q1_0,plain,8,107.874,,0.401,175.586,,0.239,,,,,321,78,242,2.06,1.58,0.0,1,4ebdf2c74,2026-10-03T16:27:40Z
Bonsai-1.7B-Q1_0,kurn,8,216.486,,0.194,707.204,,0.061,,,,,552,311,247,2.06,1.07,0.0,1,a35bcc779,2026-10-03T16:27:40Z
bitnet-2b4t-tq2_0,default,8,33.565,,1.279,236.678,,0.178,,,,,1228,77,1151,2.06,0.99,0.0,1,4ebdf2c74,2026-10-03T16:27:40Z
bitnet-2b4t-tq2_0,plain,8,33.492,,1.289,235.261,,0.182,,,,,1228,77,1151,2.06,1.88,0.0,1,4ebdf2c74,2026-10-03T16:27:40Z
bitnet-2b4t-tq2_0,kurn,8,38.623,,1.131,491.086,,0.087,,,,,1745,594,1158,2.06,1.12,0.0,1,a35bcc779,2026-10-03T16:27:40Z
