build,M,ms_per_pass,rep,load
stock,1,958.9171140814102,0,9.58
stock,2,1248.003194888179,0,9.58
stock,3,1652.777823688273,0,9.58
stock,4,1493.5627445708994,0,9.58
stock,5,1648.5572651094396,0,9.58
stock,6,645.6943700401256,0,9.58
stock,7,721.0012523791753,0,9.58
stock,8,1257.233809028699,0,9.58
stock,16,1137.851004811332,0,9.58
stock-plain,1,865.5715455472404,0,9.58
stock-plain,2,1418.0233605168412,0,9.58
stock-plain,3,1956.2006670644275,0,9.58
stock-plain,4,966.1434355867341,0,9.58
stock-plain,5,1679.8292487165265,0,9.58
stock-plain,6,1968.1688059021444,0,9.58
stock-plain,7,1830.341465889103,0,9.58
stock-plain,8,1712.315572910825,0,9.58
stock-plain,16,2727.8477451781027,0,9.58
kurn,1,95.94183315293071,0,9.58
kurn,2,123.37848286661516,0,9.58
kurn,3,147.16246485944293,0,9.58
kurn,4,147.84704941828284,0,9.58
kurn,5,173.3038818405815,0,9.58
kurn,6,178.9836235950531,0,9.58
kurn,7,180.53299788582962,0,9.58
kurn,8,183.15300927491415,0,9.58
kurn,16,244.85612376595572,0,9.58
stock,1,100.730609181454,1,13.37
stock,2,132.54775811704246,1,13.37
stock,3,134.68750545764996,1,13.37
stock,4,140.8462457943751,1,13.37
stock,5,141.55363208076392,1,13.37
stock,6,139.39320835400224,1,13.37
stock,7,158.05599436164593,1,13.37
stock,8,160.9971422403513,1,13.37
stock,16,160.1872605094081,1,13.37
stock-plain,1,177.04228902932672,1,13.37
stock-plain,2,140.44296835763745,1,13.37
stock-plain,3,151.19051950775994,1,13.37
stock-plain,4,155.14546128158838,1,13.37
stock-plain,5,238.090873095898,1,13.37
stock-plain,6,244.74845284305104,1,13.37
stock-plain,7,256.0676322903918,1,13.37
stock-plain,8,219.24150004815093,1,13.37
stock-plain,16,350.7977480626263,1,13.37
kurn,1,92.35641671141336,1,13.37
kurn,2,121.20299058683035,1,13.37
kurn,3,145.24924576908313,1,13.37
kurn,4,147.99875710643784,1,13.37
kurn,5,143.40042972519976,1,13.37
kurn,6,143.66065055767868,1,13.37
kurn,7,143.90533167198055,1,13.37
kurn,8,143.94670114286123,1,13.37
kurn,16,198.52129921370926,1,13.37
stock,1,74.76551105852936,2,11.19
stock,2,105.7473918991999,2,11.19
stock,3,119.41542804340766,2,11.19
stock,4,115.75771920945232,2,11.19
stock,5,117.89641389997776,2,11.19
stock,6,120.10642149583059,2,11.19
stock,7,135.52650060991766,2,11.19
stock,8,131.67365060966299,2,11.19
stock,16,133.07998231699736,2,11.19
stock-plain,1,171.78036780581672,2,11.19
stock-plain,2,143.11992125541934,2,11.19
stock-plain,3,148.8767472733348,2,11.19
stock-plain,4,155.14433601191323,2,11.19
stock-plain,5,240.87254441280237,2,11.19
stock-plain,6,255.6545677290307,2,11.19
stock-plain,7,266.24123852381405,2,11.19
stock-plain,8,233.24373372487182,2,11.19
stock-plain,16,356.8850952895472,2,11.19
kurn,1,74.83788617097643,2,11.19
kurn,2,100.84672422358989,2,11.19
kurn,3,121.28500982772434,2,11.19
kurn,4,122.05215813541406,2,11.19
kurn,5,143.2388170089449,2,11.19
kurn,6,143.20674803562707,2,11.19
kurn,7,143.62170273294868,2,11.19
kurn,8,143.95904912096896,2,11.19
kurn,16,197.03443472298434,2,11.19
