label,workload,part,threads,regime,footprint_mb,layers,ksplit,tile,wait,gaps,prefetch,pf_kb,pf_predict,op_barriers,tokens,wall_s,cpu_s,us_med,us_mean,bytes_per_tok,GBps,cpu_wall,busy_s,wait_s,spin_share,imbalance,steals_per_tok,proxy_mJ_tok,static_w,model_tok_s,relerr,check,drift_s,load
T8:read:8MB#r0,sweep,balanced,8,hot,0,1,1,128,spin,0,none,256,1.00,1,102649,1.500274,11.418758,8.058,14.616,8912896,1106.093,7.611,6.508884,5.228432,0.43562,1.0000,0.000,0.60849,0.0,124100.269,0.000e+00,ok,0.0000,26.11
T8:read:16MB#r0,sweep,balanced,8,hot,0,1,1,128,spin,0,none,256,1.00,1,17272,1.504086,11.032267,38.860,87.082,17825792,458.718,7.335,5.661340,6.320136,0.52525,1.0000,0.000,3.49389,0.0,25733.402,0.000e+00,ok,0.0000,26.11
T8:read:32MB#r0,sweep,balanced,8,hot,0,1,1,128,spin,0,none,256,1.00,1,6149,1.501299,11.316207,148.487,244.153,33423360,225.093,7.538,6.955229,5.017742,0.41778,1.0000,0.000,10.06662,0.0,6734.596,0.000e+00,ok,0.0001,26.11
T8:read:64MB#r0,sweep,balanced,8,hot,0,1,1,128,spin,0,none,256,1.00,1,3022,1.500729,11.345472,346.519,496.601,64618496,186.479,7.560,7.049421,4.930269,0.41066,1.0000,0.000,20.53598,0.0,2885.845,0.000e+00,ok,0.0000,25.87
T8:read:160MB#r0,sweep,balanced,8,hot,0,1,1,128,spin,0,none,256,1.00,1,965,1.504182,11.084663,932.689,1558.738,160432128,172.010,7.369,6.008907,6.013460,0.49973,1.0000,0.000,62.83223,0.0,1072.169,0.000e+00,ok,0.0000,25.87
T8:read:256MB#r0,sweep,balanced,8,hot,0,1,1,128,spin,0,none,256,1.00,1,616,1.506568,10.898176,1724.201,2445.728,258473984,149.909,7.234,6.881710,5.158932,0.42804,1.0000,0.000,96.77439,0.0,579.979,0.000e+00,ok,0.0000,25.48
T8:read:320MB#r0,sweep,balanced,8,hot,0,1,1,128,spin,0,none,256,1.00,1,611,1.503039,11.575763,1961.414,2459.965,320864256,163.588,7.702,8.737860,3.274085,0.27229,1.0000,0.000,103.63244,0.0,509.836,0.000e+00,ok,0.0000,25.48
T8:read:512MB#r0,sweep,balanced,8,hot,0,1,1,128,spin,0,none,256,1.00,1,300,1.512324,11.542691,4110.523,5041.079,516947968,125.762,7.632,8.904324,3.185616,0.26330,1.0000,0.000,210.46173,0.0,243.278,0.000e+00,ok,0.0000,25.48
T8:read:1200MB#r0,sweep,balanced,8,hot,0,1,1,128,spin,0,none,256,1.00,1,96,1.523669,10.665643,15269.320,15871.553,1203240960,78.801,7.000,8.756207,3.429022,0.28131,1.0000,0.000,607.71945,0.0,65.491,0.000e+00,ok,0.0000,24.56
T8:q8gemv:8MB#r0,sweep,balanced,8,hot,0,1,1,128,spin,0,none,256,1.00,1,57235,1.500013,10.678138,11.377,26.208,8912896,783.414,7.119,5.265177,6.578425,0.54820,1.0000,0.000,1.02052,0.0,87896.632,3.131e-07,ok,0.0000,24.83
T8:q8gemv:16MB#r0,sweep,balanced,8,hot,0,1,1,128,spin,0,none,256,1.00,1,18262,1.500075,10.919996,40.177,82.142,17825792,443.682,7.280,6.099188,5.848575,0.48736,1.0000,0.000,3.27086,0.0,24889.863,3.131e-07,ok,0.0000,24.83
T8:q8gemv:32MB#r0,sweep,balanced,8,hot,0,1,1,128,spin,0,none,256,1.00,1,6503,1.502364,11.121362,133.744,231.026,33423360,249.905,7.403,7.160902,4.820569,0.40108,1.0000,0.000,9.35474,0.0,7476.971,3.877e-07,ok,0.0000,24.83
T8:q8gemv:64MB#r0,sweep,balanced,8,hot,0,1,1,128,spin,0,none,256,1.00,1,2866,1.506369,10.924555,273.129,525.600,64618496,236.586,7.252,6.532652,5.489348,0.45551,1.0000,0.000,20.85042,0.0,3661.274,3.877e-07,ok,0.0000,24.85
T8:q8gemv:160MB#r0,sweep,balanced,8,hot,0,1,1,128,spin,0,none,256,1.00,1,1165,1.501118,10.913977,697.988,1288.513,160432128,229.849,7.271,6.766169,5.229049,0.43543,1.0000,0.000,51.24417,0.0,1432.689,3.384e-07,ok,0.0000,24.85
T8:q8gemv:256MB#r0,sweep,balanced,8,hot,0,1,1,128,spin,0,none,256,1.00,1,722,1.501619,11.176897,1320.961,2079.804,258473984,195.671,7.443,7.469788,4.531138,0.37719,1.0000,0.000,84.67815,0.0,757.025,3.384e-07,ok,0.0000,24.85
T8:q8gemv:320MB#r0,sweep,balanced,8,hot,0,1,1,128,spin,0,none,256,1.00,1,559,1.506193,11.482257,2015.720,2694.442,320864256,159.181,7.623,8.156963,3.880035,0.32201,1.0000,0.000,112.35768,0.0,496.101,3.542e-07,ok,0.0000,24.46
T8:q8gemv:512MB#r0,sweep,balanced,8,hot,0,1,1,128,spin,0,none,256,1.00,1,308,1.505132,11.564962,3891.679,4886.793,516947968,132.834,7.684,9.103315,2.930674,0.24339,1.0000,0.000,205.39072,0.0,256.959,3.487e-07,ok,0.0000,24.46
T8:q8gemv:1200MB#r0,sweep,balanced,8,hot,0,1,1,128,spin,0,none,256,1.00,1,98,1.519867,10.756304,14840.464,15508.848,1203240960,81.078,7.077,8.908536,3.247095,0.26705,1.0000,0.000,600.37738,0.0,67.383,3.650e-07,ok,0.0000,24.58
T8:q8gemv-rotate:8MB#r0,sweep,balanced,8,hot,0,1,1,128,spin,0,none,256,1.00,1,29047,1.509470,11.367126,33.283,51.966,8912896,267.791,7.531,6.449642,5.528168,0.45779,1.0000,0.000,2.14061,0.0,30045.369,3.131e-07,ok,0.0000,24.53
T8:q8gemv-rotate:16MB#r0,sweep,balanced,8,hot,0,1,1,128,spin,0,none,256,1.00,1,11648,1.503200,11.136130,66.758,129.052,17825792,267.021,7.408,5.268363,6.715015,0.55839,1.0000,0.000,5.22962,0.0,14979.478,3.131e-07,ok,0.0000,24.53
T8:q8gemv-rotate:64MB#r0,sweep,balanced,8,hot,0,1,1,128,spin,0,none,256,1.00,1,3639,1.500390,11.351302,266.694,412.308,64618496,242.295,7.566,7.724205,4.250244,0.35409,1.0000,0.000,17.06283,0.0,3749.616,3.877e-07,ok,0.0000,24.53
T8:q8gemv-rotate:160MB#r0,sweep,balanced,8,hot,0,1,1,128,spin,0,none,256,1.00,1,1353,1.503184,11.040161,673.627,1111.001,160432128,238.162,7.345,7.431438,4.578991,0.38077,1.0000,0.000,44.63391,0.0,1484.501,3.384e-07,ok,0.0005,24.65
T8:q8gemv-rotate:256MB#r0,sweep,balanced,8,hot,0,1,1,128,spin,0,none,256,1.00,1,718,1.502311,11.160085,1284.541,2092.356,258473984,201.219,7.429,7.319987,4.684293,0.38976,1.0000,0.000,85.02182,0.0,778.488,3.384e-07,ok,0.0000,24.65
T8:read-rotate:8MB#r0,sweep,balanced,8,hot,0,1,1,128,spin,0,none,256,1.00,1,19785,1.500634,10.894594,36.987,75.847,8912896,240.974,7.260,5.232804,6.695506,0.55772,1.0000,0.000,3.01205,0.0,27036.526,0.000e+00,ok,0.0000,24.76
T8:read-rotate:16MB#r0,sweep,balanced,8,hot,0,1,1,128,spin,0,none,256,1.00,1,9626,1.500273,10.746316,77.646,155.856,17825792,229.578,7.163,5.804744,6.157245,0.51301,1.0000,0.000,6.10662,0.0,12878.963,0.000e+00,ok,0.0000,24.76
T8:read-rotate:64MB#r0,sweep,balanced,8,hot,0,1,1,128,spin,0,none,256,1.00,1,1938,1.502160,10.065375,289.412,775.108,64618496,223.275,6.701,5.091660,6.907636,0.57481,1.0000,0.000,28.40949,0.0,3455.282,0.000e+00,ok,0.0000,24.76
T8:read-rotate:160MB#r0,sweep,balanced,8,hot,0,1,1,128,spin,0,none,256,1.00,1,876,1.508320,10.446835,910.590,1721.826,160432128,176.185,6.926,5.738050,6.299035,0.52202,1.0000,0.000,65.23309,0.0,1098.189,0.000e+00,ok,0.0000,24.86
T8:read-rotate:256MB#r0,sweep,balanced,8,hot,0,1,1,128,spin,0,none,256,1.00,1,682,1.506954,10.698935,1382.889,2209.610,258473984,186.909,7.100,6.651573,5.385459,0.44672,1.0000,0.000,85.81111,0.0,723.124,0.000e+00,ok,0.0000,24.86
T8:read:8MB#r1,sweep,balanced,8,hot,0,1,1,128,spin,0,none,256,1.00,1,61377,1.506261,10.505369,8.993,24.541,8912896,991.093,6.974,4.229195,7.642035,0.63419,1.0000,0.000,0.93625,0.0,111197.599,0.000e+00,ok,0.0000,24.47
T8:read:16MB#r1,sweep,balanced,8,hot,0,1,1,128,spin,0,none,256,1.00,1,23020,1.500056,11.353385,39.177,65.163,17825792,455.007,7.569,7.210168,4.722985,0.39357,1.0000,0.000,2.69779,0.0,25525.181,0.000e+00,ok,0.0000,24.47
T8:read:32MB#r1,sweep,balanced,8,hot,0,1,1,128,spin,0,none,256,1.00,1,6860,1.502632,11.296112,130.830,219.043,33423360,255.472,7.518,7.412517,4.566543,0.37988,1.0000,0.000,9.00725,0.0,7643.507,0.000e+00,ok,0.0000,24.47
T8:read:64MB#r1,sweep,balanced,8,hot,0,1,1,128,spin,0,none,256,1.00,1,2527,1.503591,10.721169,275.827,595.010,64618496,234.272,7.130,6.061752,5.941520,0.49394,1.0000,0.000,23.20728,0.0,3625.461,0.000e+00,ok,0.0000,24.43
T8:read:160MB#r1,sweep,balanced,8,hot,0,1,1,128,spin,0,none,256,1.00,1,1323,1.505661,11.119308,736.476,1138.065,160432128,217.838,7.385,7.759689,4.270132,0.35451,1.0000,0.000,45.97325,0.0,1357.817,0.000e+00,ok,0.0000,24.43
T8:read:256MB#r1,sweep,balanced,8,hot,0,1,1,128,spin,0,none,256,1.00,1,729,1.501470,11.038844,1249.298,2059.629,258473984,206.895,7.352,7.234267,4.762157,0.39646,1.0000,0.000,82.82919,0.0,800.450,0.000e+00,ok,0.0000,24.43
T8:read:320MB#r1,sweep,balanced,8,hot,0,1,1,128,spin,0,none,256,1.00,1,412,1.508032,10.630189,2775.044,3660.273,320864256,115.625,7.049,5.988013,6.067197,0.50291,1.0000,0.000,141.13382,0.0,360.355,0.000e+00,ok,0.0000,24.40
T8:read:512MB#r1,sweep,balanced,8,hot,0,1,1,128,spin,0,none,256,1.00,1,279,1.510811,11.403459,4265.810,5415.092,516947968,121.184,7.548,8.459632,3.619244,0.29945,1.0000,0.000,223.57319,0.0,234.422,0.000e+00,ok,0.0000,24.40
T8:read:1200MB#r1,sweep,balanced,8,hot,0,1,1,128,spin,0,none,256,1.00,1,106,1.520409,11.079844,13853.888,14343.479,1203240960,86.852,7.287,9.181096,2.978803,0.24490,1.0000,0.000,571.76176,0.0,72.182,0.000e+00,ok,0.0000,24.21
T8:q8gemv:8MB#r1,sweep,balanced,8,hot,0,1,1,128,spin,0,none,256,1.00,1,53705,1.500499,10.333757,11.834,27.940,8912896,753.160,6.887,5.210638,6.665875,0.55530,1.0000,0.000,1.05252,0.0,84502.285,3.131e-07,ok,0.0000,24.21
T8:q8gemv:16MB#r1,sweep,balanced,8,hot,0,1,1,128,spin,0,none,256,1.00,1,7939,1.500071,9.481555,42.823,188.950,17825792,416.267,6.321,3.430837,8.538384,0.71150,1.0000,0.000,6.53283,0.0,23351.937,3.131e-07,ok,0.0022,24.35
T8:q8gemv:32MB#r1,sweep,balanced,8,hot,0,1,1,128,spin,0,none,256,1.00,1,2939,1.505926,10.084994,136.577,512.394,33423360,244.722,6.697,3.903063,8.128128,0.67468,1.0000,0.000,18.76996,0.0,7321.877,3.877e-07,ok,0.0030,24.35
T8:q8gemv:64MB#r1,sweep,balanced,8,hot,0,1,1,128,spin,0,none,256,1.00,1,1480,1.500494,10.277375,313.272,1013.847,64618496,206.270,6.849,3.904887,8.080529,0.67316,1.0000,0.000,37.98462,0.0,3192.114,3.877e-07,ok,0.0000,24.24
T8:q8gemv:160MB#r1,sweep,balanced,8,hot,0,1,1,128,spin,0,none,256,1.00,1,716,1.507589,10.345603,718.583,2105.571,160432128,223.262,6.862,4.567957,7.483647,0.62050,1.0000,0.000,79.03694,0.0,1391.628,3.384e-07,ok,0.0000,24.24
T8:q8gemv:256MB#r1,sweep,balanced,8,hot,0,1,1,128,spin,0,none,256,1.00,1,680,1.502462,10.890904,1484.559,2209.503,258473984,174.108,7.249,7.259649,4.741748,0.39450,1.0000,0.000,87.60771,0.0,673.601,3.384e-07,ok,0.0000,24.24
T8:q8gemv:320MB#r1,sweep,balanced,8,hot,0,1,1,128,spin,0,none,256,1.00,1,487,1.506664,11.184050,2062.397,3093.765,320864256,155.578,7.423,7.384441,4.661042,0.38670,1.0000,0.000,125.61962,0.0,484.873,3.542e-07,ok,0.0000,23.98
T8:q8gemv:512MB#r1,sweep,balanced,8,hot,0,1,1,128,spin,0,none,256,1.00,1,232,1.509489,10.534388,6692.222,6506.420,516947968,77.246,6.979,7.785010,4.280689,0.35448,1.0000,0.000,248.37544,0.0,149.427,3.487e-07,ok,0.0000,23.98
T8:q8gemv:1200MB#r1,sweep,balanced,8,hot,0,1,1,128,spin,0,none,256,1.00,1,100,1.522892,10.547816,15134.768,15228.917,1203240960,79.502,6.926,9.291612,2.884395,0.23675,1.0000,0.000,576.96554,0.0,66.073,3.650e-07,ok,0.0000,23.74
T8:q8gemv-rotate:8MB#r1,sweep,balanced,8,hot,0,1,1,128,spin,0,none,256,1.00,1,22604,1.500038,11.036666,32.577,66.362,8912896,273.595,7.358,5.643767,6.281922,0.52348,1.0000,0.000,2.67079,0.0,30696.503,3.131e-07,ok,0.0000,24.32
T8:q8gemv-rotate:16MB#r1,sweep,balanced,8,hot,0,1,1,128,spin,0,none,256,1.00,1,17252,1.500123,11.459817,61.602,86.954,17825792,289.370,7.639,7.890548,4.054626,0.33786,1.0000,0.000,3.63350,0.0,16233.239,3.131e-07,ok,0.0000,24.32
T8:q8gemv-rotate:64MB#r1,sweep,balanced,8,hot,0,1,1,128,spin,0,none,256,1.00,1,3163,1.502497,11.143887,259.262,475.023,64618496,249.240,7.417,6.736368,5.258490,0.43748,1.0000,0.000,19.27191,0.0,3857.102,3.877e-07,ok,0.0000,24.32
T8:q8gemv-rotate:160MB#r1,sweep,balanced,8,hot,0,1,1,128,spin,0,none,256,1.00,1,911,1.504216,10.516423,681.100,1651.171,160432128,235.549,6.991,5.641711,6.379166,0.53011,1.0000,0.000,63.14471,0.0,1468.213,3.384e-07,ok,0.0000,23.98
T8:q8gemv-rotate:256MB#r1,sweep,balanced,8,hot,0,1,1,128,spin,0,none,256,1.00,1,595,1.502640,10.359152,1476.665,2525.445,258473984,175.039,6.894,6.756560,5.254502,0.43711,1.0000,0.000,95.23456,0.0,677.202,3.384e-07,ok,0.0000,23.98
T8:read-rotate:8MB#r1,sweep,balanced,8,hot,0,1,1,128,spin,0,none,256,1.00,1,22146,1.503919,11.145271,35.675,67.909,8912896,249.836,7.411,5.792659,6.158288,0.51185,1.0000,0.000,2.75285,0.0,28030.834,0.000e+00,ok,0.0000,23.98
T8:read-rotate:16MB#r1,sweep,balanced,8,hot,0,1,1,128,spin,0,none,256,1.00,1,12548,1.500121,11.403452,78.609,119.551,17825792,226.765,7.602,7.201361,4.745201,0.39540,1.0000,0.000,4.97106,0.0,12721.190,0.000e+00,ok,0.0000,23.74
T8:read-rotate:64MB#r1,sweep,balanced,8,hot,0,1,1,128,spin,0,none,256,1.00,1,2514,1.506979,10.847458,289.131,599.435,64618496,223.492,7.198,6.077299,5.949203,0.49347,1.0000,0.000,23.60207,0.0,3458.640,0.000e+00,ok,0.0000,23.74
T8:read-rotate:160MB#r1,sweep,balanced,8,hot,0,1,1,128,spin,0,none,256,1.00,1,1265,1.502872,11.054600,735.346,1188.041,160432128,218.172,7.356,7.488122,4.519483,0.37590,1.0000,0.000,47.80131,0.0,1359.904,0.000e+00,ok,0.0000,23.52
T8:read-rotate:256MB#r1,sweep,balanced,8,hot,0,1,1,128,spin,0,none,256,1.00,1,592,1.501277,10.596767,1492.465,2535.940,258473984,173.186,7.059,6.447561,5.543029,0.46153,1.0000,0.000,97.91270,0.0,670.032,0.000e+00,ok,0.0000,23.52
T8:read:8MB#r2,sweep,balanced,8,hot,0,1,1,128,spin,0,none,256,1.00,1,102151,1.500015,11.006074,7.288,14.684,8912896,1222.955,7.337,5.907343,5.830020,0.48583,1.0000,0.000,0.58936,0.0,137211.851,0.000e+00,ok,0.0000,23.52
T8:read:16MB#r2,sweep,balanced,8,hot,0,1,1,128,spin,0,none,256,1.00,1,15256,1.500462,10.738868,38.705,98.352,17825792,460.555,7.157,5.150377,6.803064,0.56675,1.0000,0.000,3.85039,0.0,25836.456,0.000e+00,ok,0.0000,23.80
T8:read:32MB#r2,sweep,balanced,8,hot,0,1,1,128,spin,0,none,256,1.00,1,4379,1.503115,10.621182,140.532,343.255,33423360,237.835,7.066,5.146347,6.844713,0.56921,1.0000,0.000,13.26738,0.0,7115.817,0.000e+00,ok,0.0000,23.80
T8:read:64MB#r2,sweep,balanced,8,hot,0,1,1,128,spin,0,none,256,1.00,1,3246,1.500563,11.282875,279.345,462.281,64618496,231.321,7.519,7.247013,4.729467,0.39397,1.0000,0.000,19.01335,0.0,3579.803,0.000e+00,ok,0.0000,23.65
T8:read:160MB#r2,sweep,balanced,8,hot,0,1,1,128,spin,0,none,256,1.00,1,1074,1.501424,10.926400,722.282,1397.974,160432128,222.118,7.277,6.462588,5.537022,0.46098,1.0000,0.000,55.64936,0.0,1384.501,0.000e+00,ok,0.0000,23.65
T8:read:256MB#r2,sweep,balanced,8,hot,0,1,1,128,spin,0,none,256,1.00,1,661,1.501609,10.991453,1419.633,2271.723,258473984,182.071,7.320,6.640559,5.355127,0.44578,1.0000,0.000,90.95801,0.0,704.407,0.000e+00,ok,0.0000,23.65
T8:read:320MB#r2,sweep,balanced,8,hot,0,1,1,128,spin,0,none,256,1.00,1,500,1.507994,10.908345,2266.132,3015.988,320864256,141.591,7.234,7.050415,4.996426,0.41416,1.0000,0.000,119.33729,0.0,441.281,0.000e+00,ok,0.0000,23.76
T8:read:512MB#r2,sweep,balanced,8,hot,0,1,1,128,spin,0,none,256,1.00,1,293,1.508992,11.505609,4168.160,5150.144,516947968,124.023,7.625,8.050241,4.012925,0.33242,1.0000,0.000,214.79755,0.0,239.914,0.000e+00,ok,0.0000,23.76
T8:read:1200MB#r2,sweep,balanced,8,hot,0,1,1,128,spin,0,none,256,1.00,1,111,1.517457,11.150434,13471.157,13670.788,1203240960,89.320,7.348,9.040059,3.096076,0.25504,1.0000,0.000,549.48535,0.0,74.233,0.000e+00,ok,0.0000,23.38
T8:q8gemv:8MB#r2,sweep,balanced,8,hot,0,1,1,128,spin,0,none,256,1.00,1,58076,1.501091,10.837988,11.205,25.847,8912896,795.439,7.220,5.243659,6.629733,0.55208,1.0000,0.000,1.02080,0.0,89245.871,3.131e-07,ok,0.0000,23.38
T8:q8gemv:16MB#r2,sweep,balanced,8,hot,0,1,1,128,spin,0,none,256,1.00,1,11758,1.504570,10.132041,41.134,127.961,17825792,433.359,6.734,4.254685,7.738368,0.64291,1.0000,0.000,4.71358,0.0,24310.789,3.131e-07,ok,0.0005,23.75
T8:q8gemv:32MB#r2,sweep,balanced,8,hot,0,1,1,128,spin,0,none,256,1.00,1,6536,1.500341,11.220687,137.113,229.550,33423360,243.765,7.479,7.290891,4.678211,0.38976,1.0000,0.000,9.39063,0.0,7293.254,3.877e-07,ok,0.0000,23.75
T8:q8gemv:64MB#r2,sweep,balanced,8,hot,0,1,1,128,spin,0,none,256,1.00,1,2854,1.501776,10.966088,266.096,526.201,64618496,242.839,7.302,6.448125,5.544341,0.46148,1.0000,0.000,21.01769,0.0,3758.042,3.877e-07,ok,0.0000,23.75
T8:q8gemv:160MB#r2,sweep,balanced,8,hot,0,1,1,128,spin,0,none,256,1.00,1,1351,1.503720,11.274438,691.528,1113.042,160432128,231.997,7.498,7.548601,4.466279,0.37127,1.0000,0.000,45.64854,0.0,1446.073,3.384e-07,ok,0.0000,23.85
T8:q8gemv:256MB#r2,sweep,balanced,8,hot,0,1,1,128,spin,0,none,256,1.00,1,692,1.502130,10.808838,1348.645,2170.708,258473984,191.655,7.196,7.052535,4.953384,0.41220,1.0000,0.000,85.43980,0.0,741.485,3.384e-07,ok,0.0000,23.85
T8:q8gemv:320MB#r2,sweep,balanced,8,hot,0,1,1,128,spin,0,none,256,1.00,1,458,1.507845,10.998762,2333.268,3292.239,320864256,137.517,7.294,6.779494,5.275218,0.43731,1.0000,0.000,131.36076,0.0,428.583,3.542e-07,ok,0.0000,23.54
T8:q8gemv:512MB#r2,sweep,balanced,8,hot,0,1,1,128,spin,0,none,256,1.00,1,270,1.506450,11.067015,5556.735,5579.446,516947968,93.031,7.346,7.926125,4.118669,0.34175,1.0000,0.000,224.20953,0.0,179.962,3.487e-07,ok,0.0024,23.54
T8:q8gemv:1200MB#r2,sweep,balanced,8,hot,0,1,1,128,spin,0,none,256,1.00,1,103,1.515862,11.076400,14084.716,14717.109,1203240960,85.429,7.307,8.951287,3.172111,0.26158,1.0000,0.000,588.23212,0.0,70.999,3.650e-07,ok,0.0000,23.18
T8:q8gemv-rotate:8MB#r2,sweep,balanced,8,hot,0,1,1,128,spin,0,none,256,1.00,1,27572,1.502600,11.319966,33.404,54.497,8912896,266.821,7.534,6.473089,5.459418,0.45416,1.0000,0.000,2.24576,0.0,29936.534,3.131e-07,ok,0.0000,23.18
T8:q8gemv-rotate:16MB#r2,sweep,balanced,8,hot,0,1,1,128,spin,0,none,256,1.00,1,10250,1.500097,10.943464,67.808,146.351,17825792,262.886,7.295,5.000555,6.961830,0.58012,1.0000,0.000,5.84007,0.0,14747.523,3.131e-07,ok,0.0000,23.08
T8:q8gemv-rotate:64MB#r2,sweep,balanced,8,hot,0,1,1,128,spin,0,none,256,1.00,1,3164,1.500502,11.129209,268.655,474.242,64618496,240.526,7.417,6.908782,5.070250,0.42238,1.0000,0.000,19.24045,0.0,3722.246,3.877e-07,ok,0.0000,23.08
T8:q8gemv-rotate:160MB#r2,sweep,balanced,8,hot,0,1,1,128,spin,0,none,256,1.00,1,1216,1.500728,10.959337,695.956,1234.151,160432128,230.521,7.303,6.968118,5.021220,0.41823,1.0000,0.000,49.29899,0.0,1436.872,3.384e-07,ok,0.0000,23.08
T8:q8gemv-rotate:256MB#r2,sweep,balanced,8,hot,0,1,1,128,spin,0,none,256,1.00,1,507,1.507480,9.985253,2224.039,2973.333,258473984,116.218,6.624,6.011662,6.038005,0.50067,1.0000,0.000,107.73044,0.0,449.632,3.384e-07,ok,0.0000,23.16
T8:read-rotate:8MB#r2,sweep,balanced,8,hot,0,1,1,128,spin,0,none,256,1.00,1,26301,1.500394,10.928986,28.109,57.047,8912896,317.083,7.284,5.914234,5.987843,0.49886,1.0000,0.000,2.27298,0.0,35575.795,0.000e+00,ok,0.0000,23.16
T8:read-rotate:16MB#r2,sweep,balanced,8,hot,0,1,1,128,spin,0,none,256,1.00,1,9959,1.500066,10.741520,63.720,150.624,17825792,279.752,7.161,5.337808,6.624796,0.55204,1.0000,0.000,5.89980,0.0,15693.660,0.000e+00,ok,0.0000,23.06
T8:read-rotate:64MB#r2,sweep,balanced,8,hot,0,1,1,128,spin,0,none,256,1.00,1,3198,1.500374,10.976750,259.496,469.160,64618496,249.015,7.316,7.002587,4.971889,0.41422,1.0000,0.000,18.77512,0.0,3853.624,0.000e+00,ok,0.0001,23.06
T8:read-rotate:160MB#r2,sweep,balanced,8,hot,0,1,1,128,spin,0,none,256,1.00,1,1210,1.501753,10.950567,672.457,1241.118,160432128,238.576,7.292,6.781312,5.218628,0.43438,1.0000,0.000,49.50380,0.0,1487.084,0.000e+00,ok,0.0000,23.06
T8:read-rotate:256MB#r2,sweep,balanced,8,hot,0,1,1,128,spin,0,none,256,1.00,1,570,1.507095,10.306286,1649.934,2644.026,258473984,156.657,6.839,5.942125,6.102703,0.50616,1.0000,0.000,98.90418,0.0,606.085,0.000e+00,ok,0.0000,22.98
