label,workload,part,threads,regime,footprint_mb,layers,ksplit,tile,wait,gaps,prefetch,pf_kb,pf_predict,op_barriers,tokens,wall_s,cpu_s,us_med,us_mean,bytes_per_tok,GBps,cpu_wall,busy_s,wait_s,spin_share,imbalance,steals_per_tok,proxy_mJ_tok,static_w,model_tok_s,relerr,check,drift_s,load,spin_pct_per_thread
T7:olmoe-moe:v0.1-static-sync#r0,olmoe-moe,static,7,cold,1200,3,1,128,spin,0/0,none,256,1.00,1,1179,1.200422,7.634009,521.227,1018.170,53477376,102.599,6.359,4.079746,4.262514,0.50726,1.0391,0.000,35.41818,0.0,119.909,3.476e-07,ok,0.0000,30.19,51;50;49;59;47;48;53
T7:olmoe-moe:static#r0,olmoe-moe,static,7,cold,1200,3,1,128,spin,0/0,none,256,1.00,1,1426,1.200442,7.814052,502.395,841.825,53477376,106.445,6.509,4.853998,3.522303,0.41917,1.0391,0.000,29.97396,0.0,124.404,3.476e-07,ok,0.0000,29.77,41;42;39;58;36;32;45
T7:olmoe-moe:balanced#r0,olmoe-moe,balanced,7,cold,1200,3,1,128,spin,0/0,none,256,1.00,1,1086,1.200233,7.962615,819.304,1105.187,53477376,65.272,6.634,4.595866,3.794501,0.45164,1.0049,0.000,40.10636,0.0,76.284,3.476e-07,ok,0.0000,29.77,47;46;46;40;48;46;43
T7:olmoe-moe:steal#r0,olmoe-moe,steal,7,cold,1200,3,1,128,spin,0/0,none,256,1.00,1,1431,1.200682,7.990579,620.076,839.051,53477376,86.243,6.655,6.144830,2.121070,0.25236,1.0391,24.233,30.54400,0.0,100.794,3.476e-07,ok,0.0000,29.31,24;27;26;25;24;25;25
T7:olmoe-moe:streamk-ks2#r0,olmoe-moe,streamk,7,cold,1200,3,2,128,spin,0/0,none,256,1.00,1,1053,1.201350,7.916733,810.083,1140.883,53477376,66.015,6.590,4.465960,3.908461,0.46477,1.0117,0.000,41.12491,0.0,77.153,1.896e-07,ok,0.0000,29.31,48;50;47;44;49;45;42
T7:olmoe-moe:ggml-graph+sched#r0,olmoe-moe-sep,ggml,7,cold,1200,3,1,64,spin,0/0/0,none,256,1.00,2,1048,1.202458,7.755047,636.196,1147.383,53477376,84.058,6.449,4.450273,3.835664,0.45569,1.0938,0.000,40.47720,0.0,98.240,3.514e-07,ok,0.0000,28.80,46;46;40;48;44;37;58
T7:olmoe-moe:ggml-graph+balanced#r0,olmoe-moe-sep,balanced,7,cold,1200,3,1,128,spin,0/0/0,none,256,1.00,2,674,1.200401,7.677759,984.834,1781.011,53477376,54.301,6.396,3.463037,4.920826,0.58562,1.0117,0.000,62.31060,0.0,63.462,3.514e-07,ok,0.0000,28.66,62;60;59;61;56;54;57
T7:qwen3moe:v0.1-static-sync#r0,qwen3moe,static,7,cold,1200,2,1,128,spin,0/0,none,256,1.00,1,1565,1.200200,7.780359,427.865,766.901,40108032,93.740,6.483,4.350213,3.965887,0.47205,1.0391,0.000,27.19397,0.0,48.691,2.864e-07,ok,0.0000,28.66,47;45;43;44;47;56;48
T7:qwen3moe:static#r0,qwen3moe,static,7,cold,1200,2,1,128,spin,0/0,none,256,1.00,1,2396,1.200409,8.082560,394.291,501.006,40108032,101.722,6.733,6.148215,2.206568,0.26260,1.0391,0.000,18.45226,0.0,52.837,2.864e-07,ok,0.0000,28.36,22;22;17;22;19;48;33
T7:qwen3moe:balanced#r0,qwen3moe,balanced,7,cold,1200,2,1,128,spin,0/0,none,256,1.00,1,1698,1.203092,8.171198,581.878,708.535,40108032,68.929,6.792,5.178915,3.222163,0.38260,1.0049,0.000,26.32300,0.0,35.804,2.864e-07,ok,0.0000,28.36,41;40;39;39;37;32;40
T7:qwen3moe:steal#r0,qwen3moe,steal,7,cold,1200,2,1,128,spin,0/0,none,256,1.00,1,1408,1.200183,7.653217,466.948,852.403,40108032,85.894,6.377,4.741039,3.544325,0.42188,1.0391,21.462,29.73231,0.0,44.616,2.864e-07,ok,0.0000,28.18,45;46;47;40;37;39;42
T7:qwen3moe:streamk-ks2#r0,qwen3moe,streamk,7,cold,1200,2,2,128,spin,0/0,none,256,1.00,1,1149,1.200534,7.749409,626.370,1044.851,40108032,64.032,6.455,3.874717,4.486048,0.53382,1.0208,0.000,36.89231,0.0,33.260,1.718e-07,ok,0.0000,28.18,58;55;56;54;52;45;53
T7:qwen3moe:ggml-graph+sched#r0,qwen3moe-sep,ggml,7,cold,1200,2,1,64,spin,0/0/0,none,256,1.00,2,1183,1.200536,7.647606,494.723,1014.823,40108032,81.072,6.370,4.113048,4.173241,0.49659,1.0391,0.000,35.36129,0.0,42.111,3.570e-07,ok,0.0000,27.92,46;51;50;50;50;51;50
T7:qwen3moe:ggml-graph+balanced#r0,qwen3moe-sep,balanced,7,cold,1200,2,1,128,spin,0/0/0,none,256,1.00,2,1100,1.210113,7.797810,617.361,1100.103,40108032,64.967,6.444,3.691946,4.751407,0.56092,1.0049,0.000,38.77638,0.0,33.746,3.570e-07,ok,0.0000,27.85,61;59;58;61;51;50;53
T7:dense17:v0.1-static#r0,dense17,static,7,cold,1200,23,1,128,spin,0/0/0/0,none,256,1.00,1,1161,1.200449,7.621788,515.340,1033.978,53477376,103.771,6.349,3.971845,4.417364,0.52568,1.0391,0.000,35.90972,0.0,69.302,4.696e-07,ok,0.0000,27.85,54;54;52;52;47;56;54
T7:dense17:balanced#r0,dense17,balanced,7,cold,1200,23,1,128,spin,0/0/0/0,none,256,1.00,1,1708,1.202753,7.938280,497.192,704.188,53477376,107.559,6.600,5.304562,3.085204,0.36645,1.0391,0.000,25.42295,0.0,71.832,4.696e-07,ok,0.0000,28.42,30;30;31;33;35;60;37
T7:dense17:steal#r0,dense17,steal,7,cold,1200,23,1,128,spin,0/0/0/0,none,256,1.00,1,2147,1.200484,8.194070,490.185,559.145,53477376,109.096,6.826,6.318100,1.935345,0.23031,1.3125,11.279,20.87637,0.0,72.859,4.696e-07,ok,0.0000,28.42,25;24;23;23;21;19;25
T7:dense17:streamk-ks2#r0,dense17,streamk,7,cold,1200,23,2,128,spin,0/0/0/0,none,256,1.00,1,1588,1.200370,7.885947,520.038,755.900,53477376,102.834,6.570,4.994802,3.355176,0.39930,1.0938,0.000,27.16381,0.0,68.676,2.641e-07,ok,0.0000,28.47,36;41;33;39;30;63;36
T7:dense17:ggml-graph+sched#r0,dense17-sep,ggml,7,cold,1200,23,1,64,spin,0/0/0/0/0/0/0,none,256,1.00,2,961,1.201180,7.786847,745.419,1249.927,53477376,71.741,6.483,4.775269,3.524227,0.41914,1.0938,0.000,44.32264,0.0,47.912,5.396e-07,ok,0.0000,28.47,44;39;44;43;42;35;46
T7:dense17:ggml-graph+balanced#r0,dense17-sep,balanced,7,cold,1200,23,1,128,spin,0/0/0/0/0/0/0,none,256,1.00,2,1288,1.203800,7.742130,536.726,934.627,53477376,99.636,6.431,4.269150,4.102264,0.48682,1.0938,0.000,32.88001,0.0,66.541,5.396e-07,ok,0.0000,28.35,49;47;42;49;43;64;46
T7:olmoe-moe:v0.1-static-sync#r1,olmoe-moe,static,7,cold,1200,3,1,128,spin,0/0,none,256,1.00,1,1373,1.200659,7.807591,517.536,874.479,53477376,103.331,6.503,4.565288,3.777679,0.44948,1.0391,0.000,31.10526,0.0,120.765,3.476e-07,ok,0.0000,28.56,42;43;41;42;45;61;41
T7:olmoe-moe:static#r1,olmoe-moe,static,7,cold,1200,3,1,128,spin,0/0,none,256,1.00,1,1212,1.201780,7.751113,542.811,991.567,53477376,98.519,6.450,4.616213,3.767699,0.44787,1.0391,0.000,34.98233,0.0,115.141,3.476e-07,ok,0.0000,28.56,43;44;43;44;38;51;50
T7:olmoe-moe:balanced#r1,olmoe-moe,balanced,7,cold,1200,3,1,128,spin,0/0,none,256,1.00,1,858,1.202402,7.733386,811.570,1401.401,53477376,65.894,6.432,3.722014,4.685581,0.55669,1.0049,0.000,49.30259,0.0,77.011,3.476e-07,ok,0.0000,28.20,61;59;59;58;55;39;60
T7:olmoe-moe:steal#r1,olmoe-moe,steal,7,cold,1200,3,1,128,spin,0/0,none,256,1.00,1,1144,1.200525,7.707242,612.107,1049.410,53477376,87.366,6.420,4.971982,3.304762,0.39325,1.0391,23.212,36.85194,0.0,102.106,3.476e-07,ok,0.0000,28.20,38;42;43;43;42;35;33
T7:olmoe-moe:streamk-ks2#r1,olmoe-moe,streamk,7,cold,1200,3,2,128,spin,0/0,none,256,1.00,1,989,1.201040,7.822112,783.868,1214.399,53477376,68.222,6.513,4.280715,4.092769,0.48681,1.0117,0.000,43.26284,0.0,79.733,1.896e-07,ok,0.0000,28.18,52;49;46;48;49;45;51
T7:olmoe-moe:ggml-graph+sched#r1,olmoe-moe-sep,ggml,7,cold,1200,3,1,64,spin,0/0/0,none,256,1.00,2,1008,1.200239,7.646088,599.197,1190.714,53477376,89.248,6.370,4.100442,4.200751,0.49999,1.0938,0.000,41.49216,0.0,104.306,3.514e-07,ok,0.0000,27.76,51;51;48;45;41;52;62
T7:olmoe-moe:ggml-graph+balanced#r1,olmoe-moe-sep,balanced,7,cold,1200,3,1,128,spin,0/0/0,none,256,1.00,2,736,1.204091,7.585166,826.686,1635.994,53477376,64.689,6.299,3.331781,5.078214,0.60250,1.0117,0.000,56.37345,0.0,75.603,3.514e-07,ok,0.0000,27.76,63;65;63;64;59;48;60
T7:qwen3moe:v0.1-static-sync#r1,qwen3moe,static,7,cold,1200,2,1,128,spin,0/0,none,256,1.00,1,1552,1.200449,7.725727,417.470,773.485,40108032,96.074,6.436,4.185705,4.149041,0.49375,1.0391,0.000,27.22921,0.0,49.904,2.864e-07,ok,0.0000,28.02,47;45;45;45;48;62;53
T7:qwen3moe:static#r1,qwen3moe,static,7,cold,1200,2,1,128,spin,0/0,none,256,1.00,1,1576,1.201180,7.657919,402.017,762.170,40108032,99.767,6.375,4.384243,3.991866,0.47476,1.0391,0.000,26.57920,0.0,51.822,2.864e-07,ok,0.0000,28.02,47;47;47;41;49;57;46
T7:qwen3moe:balanced#r1,qwen3moe,balanced,7,cold,1200,2,1,128,spin,0/0,none,256,1.00,1,1552,1.200599,7.973467,553.452,773.582,40108032,72.469,6.641,4.804600,3.585025,0.42658,1.0049,0.000,28.10236,0.0,37.643,2.864e-07,ok,0.0000,28.34,43;46;43;43;43;35;45
T7:qwen3moe:steal#r1,qwen3moe,steal,7,cold,1200,2,1,128,spin,0/0,none,256,1.00,1,2297,1.200178,8.179057,433.631,522.498,40108032,92.493,6.815,6.798554,1.440161,0.17142,1.0391,17.998,19.47734,0.0,48.044,2.864e-07,ok,0.0000,28.34,18;17;15;18;18;18;16
T7:qwen3moe:streamk-ks2#r1,qwen3moe,streamk,7,cold,1200,2,2,128,spin,0/0,none,256,1.00,1,1419,1.203544,7.947718,580.845,848.164,40108032,69.051,6.604,4.478348,3.906064,0.46364,1.0208,0.000,30.63708,0.0,35.867,1.718e-07,ok,0.0000,28.23,50;49;49;49;50;29;48
T7:qwen3moe:ggml-graph+sched#r1,qwen3moe-sep,ggml,7,cold,1200,2,1,64,spin,0/0/0,none,256,1.00,2,1373,1.206223,7.791551,504.433,878.531,40108032,79.511,6.459,4.737338,3.566553,0.42240,1.0391,0.000,31.04136,0.0,41.300,3.570e-07,ok,0.0000,28.23,43;41;37;42;35;50;47
T7:qwen3moe:ggml-graph+balanced#r1,qwen3moe-sep,balanced,7,cold,1200,2,1,128,spin,0/0/0,none,256,1.00,2,1202,1.200648,7.772554,587.851,998.875,40108032,68.228,6.474,3.917267,4.459764,0.53064,1.0049,0.000,35.37094,0.0,35.440,3.570e-07,ok,0.0000,28.22,53;53;52;53;56;47;57
T7:dense17:v0.1-static#r1,dense17,static,7,cold,1200,23,1,128,spin,0/0/0/0,none,256,1.00,1,1317,1.202414,7.676613,504.327,912.995,53477376,106.037,6.384,4.323461,4.077248,0.48441,1.0391,0.000,31.88388,0.0,70.816,4.696e-07,ok,0.0000,28.04,46;44;46;47;43;67;46
T7:dense17:balanced#r1,dense17,balanced,7,cold,1200,23,1,128,spin,0/0/0/0,none,256,1.00,1,1342,1.200317,7.689979,509.653,894.424,53477376,104.929,6.407,4.308717,4.072636,0.48471,1.0391,0.000,31.34440,0.0,70.076,4.696e-07,ok,0.0000,28.04,46;48;45;48;44;61;47
T7:dense17:steal#r1,dense17,steal,7,cold,1200,23,1,128,spin,0/0/0/0,none,256,1.00,1,1099,1.203293,7.403724,525.892,1094.898,53477376,101.689,6.153,3.850649,4.470295,0.53072,1.3125,12.096,36.85020,0.0,67.912,4.696e-07,ok,0.0000,28.28,58;48;57;58;49;47;54
T7:dense17:streamk-ks2#r1,dense17,streamk,7,cold,1200,23,2,128,spin,0/0/0/0,none,256,1.00,1,1914,1.200574,8.120736,532.826,627.259,53477376,100.366,6.764,5.939053,2.402587,0.28589,1.0938,0.000,23.20816,0.0,67.028,2.641e-07,ok,0.0000,28.28,24;27;19;24;26;56;24
T7:dense17:ggml-graph+sched#r1,dense17-sep,ggml,7,cold,1200,23,1,64,spin,0/0/0/0/0/0/0,none,256,1.00,2,1334,1.200297,8.169229,719.527,899.773,53477376,74.323,6.806,6.195366,2.054641,0.24454,1.0938,0.000,33.49751,0.0,49.636,5.396e-07,ok,0.0000,28.09,24;24;25;25;23;23;27
T7:dense17:ggml-graph+balanced#r1,dense17-sep,balanced,7,cold,1200,23,1,128,spin,0/0/0/0/0/0/0,none,256,1.00,2,1610,1.202537,7.876247,526.166,746.918,53477376,101.636,6.550,5.049446,3.298947,0.39190,1.0938,0.000,26.75967,0.0,67.876,5.396e-07,ok,0.0000,28.09,38;37;34;37;34;57;38
T7:olmoe-moe:v0.1-static-sync#r2,olmoe-moe,static,7,cold,1200,3,1,128,spin,0/0,none,256,1.00,1,1235,1.204962,7.664848,524.161,975.677,53477376,102.025,6.361,4.236978,4.139825,0.49081,1.0391,0.000,33.94876,0.0,119.238,3.476e-07,ok,0.0000,28.08,48;45;46;47;47;60;50
T7:olmoe-moe:static#r2,olmoe-moe,static,7,cold,1200,3,1,128,spin,0/0,none,256,1.00,1,1385,1.200666,7.739236,502.094,866.907,53477376,106.509,6.446,4.664990,3.713973,0.44189,1.0391,0.000,30.56579,0.0,124.479,3.476e-07,ok,0.0000,28.48,41;44;36;43;41;52;53
T7:olmoe-moe:balanced#r2,olmoe-moe,balanced,7,cold,1200,3,1,128,spin,0/0,none,256,1.00,1,893,1.202366,7.569912,833.055,1346.434,53477376,64.194,6.296,3.869495,4.533777,0.53867,1.0049,0.000,46.36889,0.0,75.025,3.476e-07,ok,0.0000,28.48,58;57;49;57;53;46;57
T7:olmoe-moe:steal#r2,olmoe-moe,steal,7,cold,1200,3,1,128,spin,0/0,none,256,1.00,1,1392,1.200380,7.936792,597.334,862.342,53477376,89.527,6.612,5.958651,2.308522,0.27474,1.0391,22.252,31.18840,0.0,104.632,3.476e-07,ok,0.0000,28.20,30;30;23;29;27;27;27
T7:olmoe-moe:streamk-ks2#r2,olmoe-moe,streamk,7,cold,1200,3,2,128,spin,0/0,none,256,1.00,1,1059,1.200708,7.906971,771.734,1133.813,53477376,69.295,6.585,4.476940,3.885417,0.46228,1.0117,0.000,40.84148,0.0,80.986,1.896e-07,ok,0.0000,28.20,47;50;48;49;50;32;48
T7:olmoe-moe:ggml-graph+sched#r2,olmoe-moe-sep,ggml,7,cold,1200,3,1,64,spin,0/0/0,none,256,1.00,2,1641,1.200371,8.127710,585.650,731.488,53477376,91.313,6.771,6.038082,2.214985,0.26361,1.0938,0.000,27.09237,0.0,106.719,3.514e-07,ok,0.0000,27.62,20;21;20;19;22;39;44
T7:olmoe-moe:ggml-graph+balanced#r2,olmoe-moe-sep,balanced,7,cold,1200,3,1,128,spin,0/0/0,none,256,1.00,2,1032,1.201413,7.885613,764.856,1164.160,53477376,69.918,6.564,4.259995,4.124315,0.49041,1.0117,0.000,41.79681,0.0,81.715,3.514e-07,ok,0.0000,27.62,53;52;50;50;46;42;50
T7:qwen3moe:v0.1-static-sync#r2,qwen3moe,static,7,cold,1200,2,1,128,spin,0/0,none,256,1.00,1,1625,1.202119,7.800843,414.367,739.765,40108032,96.793,6.489,4.301311,4.039267,0.48002,1.0391,0.000,26.25884,0.0,50.277,2.864e-07,ok,0.0000,27.41,47;47;46;46;39;56;55
T7:qwen3moe:static#r2,qwen3moe,static,7,cold,1200,2,1,128,spin,0/0,none,256,1.00,1,1716,1.200273,7.756032,397.708,699.460,40108032,100.848,6.462,4.551593,3.810850,0.45357,1.0391,0.000,24.72348,0.0,52.383,2.864e-07,ok,0.0000,27.94,42;45;39;43;37;61;50
T7:qwen3moe:balanced#r2,qwen3moe,balanced,7,cold,1200,2,1,128,spin,0/0,none,256,1.00,1,964,1.207269,7.555358,624.476,1252.354,40108032,64.227,6.258,3.301559,5.132161,0.60729,1.0049,0.000,42.87117,0.0,33.361,2.864e-07,ok,0.0000,27.94,63;63;63;64;57;53;62
T7:qwen3moe:steal#r2,qwen3moe,steal,7,cold,1200,2,1,128,spin,0/0,none,256,1.00,1,1509,1.200371,7.706997,451.412,795.475,40108032,88.850,6.421,4.844778,3.428256,0.40800,1.0391,19.287,27.93723,0.0,46.151,2.864e-07,ok,0.0000,28.11,44;41;44;44;40;32;41
T7:qwen3moe:streamk-ks2#r2,qwen3moe,streamk,7,cold,1200,2,2,128,spin,0/0,none,256,1.00,1,1154,1.200278,7.718363,600.875,1040.103,40108032,66.749,6.430,3.871090,4.493512,0.53482,1.0208,0.000,36.58531,0.0,34.672,1.718e-07,ok,0.0000,28.11,58;57;57;57;50;41;54
T7:qwen3moe:ggml-graph+sched#r2,qwen3moe-sep,ggml,7,cold,1200,2,1,64,spin,0/0/0,none,256,1.00,2,1306,1.200637,7.726214,519.895,919.324,40108032,77.146,6.435,4.640132,3.644622,0.43365,1.0391,0.000,32.36018,0.0,40.072,3.570e-07,ok,0.0000,28.18,44;44;38;44;38;50;45
T7:qwen3moe:ggml-graph+balanced#r2,qwen3moe-sep,balanced,7,cold,1200,2,1,128,spin,0/0/0,none,256,1.00,2,1043,1.204100,7.695171,628.382,1154.458,40108032,63.827,6.391,3.511389,4.892001,0.58040,1.0049,0.000,40.35722,0.0,33.154,3.570e-07,ok,0.0000,28.18,62;61;61;62;56;45;60
T7:dense17:v0.1-static#r2,dense17,static,7,cold,1200,23,1,128,spin,0/0/0/0,none,256,1.00,1,1258,1.216161,7.765025,522.975,966.741,53477376,102.256,6.385,4.267554,4.230302,0.49692,1.0391,0.000,33.76366,0.0,68.291,4.696e-07,ok,0.0000,27.52,47;46;46;49;46;63;51
T7:dense17:balanced#r2,dense17,balanced,7,cold,1200,23,1,128,spin,0/0/0/0,none,256,1.00,1,1192,1.200199,7.614342,539.095,1006.878,53477376,99.198,6.344,4.044663,4.336330,0.51614,1.0391,0.000,34.94165,0.0,66.249,4.696e-07,ok,0.0000,27.88,53;52;51;49;48;65;43
T7:dense17:steal#r2,dense17,steal,7,cold,1200,23,1,128,spin,0/0/0/0,none,256,1.00,1,1405,1.200576,7.731318,511.124,854.502,53477376,104.627,6.440,4.649544,3.649068,0.43420,1.3125,12.137,30.09986,0.0,69.874,4.696e-07,ok,0.0000,27.88,47;45;45;46;36;41;43
T7:dense17:streamk-ks2#r2,dense17,streamk,7,cold,1200,23,2,128,spin,0/0/0/0,none,256,1.00,1,1237,1.200517,7.689062,545.230,970.507,53477376,98.082,6.405,4.162303,4.194930,0.49918,1.0938,0.000,34.00095,0.0,65.503,2.641e-07,ok,0.0000,27.73,48;50;47;48;43;64;50
T7:dense17:ggml-graph+sched#r2,dense17-sep,ggml,7,cold,1200,23,1,64,spin,0/0/0/0/0/0/0,none,256,1.00,2,985,1.208321,7.866890,719.101,1226.722,53477376,74.367,6.511,4.738553,3.606392,0.42638,1.0938,0.000,43.68720,0.0,49.665,5.396e-07,ok,0.0000,27.73,45;45;45;44;40;39;41
T7:dense17:ggml-graph+balanced#r2,dense17-sep,balanced,7,cold,1200,23,1,128,spin,0/0/0/0/0/0/0,none,256,1.00,2,1192,1.200377,7.740219,551.186,1007.028,53477376,97.022,6.448,4.142930,4.207127,0.50069,1.0938,0.000,35.51929,0.0,64.795,5.396e-07,ok,0.0000,27.75,50;49;49;47;46;62;46
