label,workload,part,threads,regime,footprint_mb,layers,ksplit,tile,wait,gaps,prefetch,pf_kb,pf_predict,op_barriers,tokens,wall_s,cpu_s,us_med,us_mean,bytes_per_tok,GBps,cpu_wall,busy_s,wait_s,spin_share,imbalance,steals_per_tok,proxy_mJ_tok,static_w,model_tok_s,relerr,check,drift_s,load
T8:skinny1-hot:v0.1-static#r0,skinny1,static,8,hot,0,1,1,128,spin,0,none,256,1.00,1,82035,1.500014,11.040801,9.550,18.285,6684672,699.966,7.360,6.446767,5.358842,0.44657,1.0000,0.000,0.73619,0.0,104712.042,7.569e-07,ok,0.0000,22.33
T8:skinny1-hot:balanced#r0,skinny1,balanced,8,hot,0,1,1,128,spin,0,none,256,1.00,1,69194,1.500502,10.814969,9.637,21.685,6684672,693.647,7.208,5.717815,6.113838,0.50932,1.0000,0.000,0.85496,0.0,103766.728,7.569e-07,ok,0.0000,22.47
T8:skinny1-hot:steal#r0,skinny1,steal,8,hot,0,1,1,32,spin,0,none,256,1.00,1,48968,1.500032,11.174687,15.775,30.633,6684672,423.751,7.450,4.437320,7.330841,0.61089,1.3333,1.556,1.24828,0.0,63391.442,7.569e-07,ok,0.0000,22.47
T8:skinny1-hot:ggml#r0,skinny1,ggml,8,hot,0,1,1,64,spin,0,none,256,1.00,1,87630,1.500018,11.256563,9.556,17.118,6684672,699.526,7.504,6.802790,4.996220,0.41635,1.0000,0.000,0.70265,0.0,104646.307,7.569e-07,ok,0.0000,22.47
T8:skinny1-hot:streamk-ks2#r0,skinny1,streamk,8,hot,0,1,2,128,spin,0,none,256,1.00,1,51272,1.505690,10.700321,11.944,29.367,6684672,559.668,7.107,3.588185,8.353485,0.69349,1.3333,0.000,1.14157,0.0,83724.038,3.187e-07,ok,0.0000,22.35
T8:skinny1-hot:streamk-ks4#r0,skinny1,streamk,8,hot,0,1,4,128,spin,0,none,256,1.00,1,59291,1.500021,10.653309,10.276,25.299,6684672,650.513,7.102,4.032270,7.840832,0.65339,1.3333,0.000,0.98284,0.0,97314.126,2.390e-07,ok,0.0000,22.35
T8:skinny1-hot:streamk-ks8#r0,skinny1,streamk,8,hot,0,1,8,128,spin,0,none,256,1.00,1,94297,1.500073,10.985231,8.149,15.908,6684672,820.306,7.323,6.093657,5.706331,0.47550,1.0000,0.000,0.63723,0.0,122714.420,1.594e-07,ok,0.0000,22.48
T8:skinny1-cold:v0.1-static#r0,skinny1,static,8,cold,1200,180,1,128,spin,0,none,256,1.00,1,13022,1.501647,11.354272,75.739,115.316,6684672,88.259,7.561,7.782265,4.197987,0.34945,1.0000,0.000,4.76946,0.0,13203.237,7.569e-07,ok,0.0000,22.48
T8:skinny1-cold:balanced#r0,skinny1,balanced,8,cold,1200,180,1,128,spin,0,none,256,1.00,1,9607,1.500940,10.697431,75.662,156.234,6684672,88.349,7.127,6.175667,5.802010,0.48320,1.0000,0.000,6.09087,0.0,13216.674,7.569e-07,ok,0.0000,22.44
T8:skinny1-cold:steal#r0,skinny1,steal,8,cold,1200,180,1,32,spin,0,none,256,1.00,1,7137,1.500853,10.739190,97.315,210.292,6684672,68.691,7.155,4.557263,7.415358,0.61760,1.3333,2.468,8.23082,0.0,10275.908,7.569e-07,ok,0.0000,22.44
T8:skinny1-cold:ggml#r0,skinny1,ggml,8,cold,1200,180,1,64,spin,0,none,256,1.00,1,11622,1.502532,11.166448,70.562,129.283,6684672,94.735,7.432,6.733246,5.259047,0.43752,1.0000,0.000,5.25559,0.0,14171.934,7.569e-07,ok,0.0000,22.97
T8:skinny1-cold:streamk-ks2#r0,skinny1,streamk,8,cold,1200,180,2,128,spin,0,none,256,1.00,1,12215,1.508159,11.112708,72.068,123.468,6684672,92.755,7.368,5.302971,6.726540,0.55751,1.3333,0.000,4.97638,0.0,13875.784,3.187e-07,ok,0.0000,22.97
T8:skinny1-cold:streamk-ks4#r0,skinny1,streamk,8,cold,1200,180,4,128,spin,0,none,256,1.00,1,11143,1.500097,11.111924,72.819,134.622,6684672,91.798,7.407,5.052053,6.907633,0.57560,1.3333,0.000,5.45475,0.0,13732.680,2.390e-07,ok,0.0000,22.65
T8:skinny1-cold:streamk-ks8#r0,skinny1,streamk,8,cold,1200,180,8,128,spin,0,none,256,1.00,1,13764,1.500103,11.120214,56.373,108.987,6684672,118.579,7.413,6.552416,5.398817,0.44987,1.0000,0.000,4.41932,0.0,17738.988,1.594e-07,ok,0.0000,22.36
T8:skinny1-hot:v0.1-static#r1,skinny1,static,8,hot,0,1,1,128,spin,0,none,256,1.00,1,77065,1.500914,11.080453,9.541,19.476,6684672,700.626,7.382,6.122656,5.694082,0.47422,1.0000,0.000,0.78648,0.0,104810.801,7.569e-07,ok,0.0000,22.36
T8:skinny1-hot:balanced#r1,skinny1,balanced,8,hot,0,1,1,128,spin,0,none,256,1.00,1,115975,1.500014,11.564224,9.536,12.934,6684672,700.993,7.709,8.630451,3.114146,0.25951,1.0000,0.000,0.54543,0.0,104865.761,7.569e-07,ok,0.0000,22.73
T8:skinny1-hot:steal#r1,skinny1,steal,8,hot,0,1,1,32,spin,0,none,256,1.00,1,47550,1.509410,11.148086,14.453,31.744,6684672,462.511,7.386,4.292332,7.565028,0.62649,1.3333,1.345,1.28244,0.0,69189.786,7.569e-07,ok,0.0000,22.73
T8:skinny1-hot:ggml#r1,skinny1,ggml,8,hot,0,1,1,64,spin,0,none,256,1.00,1,78000,1.500555,11.125309,9.556,19.238,6684672,699.526,7.414,6.222412,5.611384,0.46744,1.0000,0.000,0.78020,0.0,104646.287,7.569e-07,ok,0.0000,22.73
T8:skinny1-hot:streamk-ks2#r1,skinny1,streamk,8,hot,0,1,2,128,spin,0,none,256,1.00,1,100338,1.503440,11.548215,10.959,14.984,6684672,609.971,7.681,6.429176,5.420778,0.45070,1.3333,0.000,0.62956,0.0,91249.201,3.187e-07,ok,0.0000,22.99
T8:skinny1-hot:streamk-ks4#r1,skinny1,streamk,8,hot,0,1,4,128,spin,0,none,256,1.00,1,69921,1.500014,11.161642,11.055,21.453,6684672,604.674,7.441,4.628802,7.220674,0.60172,1.3333,0.000,0.87319,0.0,90456.800,2.390e-07,ok,0.0000,22.99
T8:skinny1-hot:streamk-ks8#r1,skinny1,streamk,8,hot,0,1,8,128,spin,0,none,256,1.00,1,92978,1.500839,11.152863,8.180,16.142,6684672,817.197,7.431,6.061501,5.745290,0.47851,1.0000,0.000,0.65614,0.0,122249.377,1.594e-07,ok,0.0000,22.75
T8:skinny1-cold:v0.1-static#r1,skinny1,static,8,cold,1200,180,1,128,spin,0,none,256,1.00,1,9307,1.500380,11.001268,77.345,161.210,6684672,86.427,7.332,6.060123,5.920659,0.49326,1.0000,0.000,6.46577,0.0,12929.084,7.569e-07,ok,0.0000,22.75
T8:skinny1-cold:balanced#r1,skinny1,balanced,8,cold,1200,180,1,128,spin,0,none,256,1.00,1,11454,1.501937,11.267042,74.651,131.128,6684672,89.546,7.502,6.966176,5.018974,0.41771,1.0000,0.000,5.38072,0.0,13395.668,7.569e-07,ok,0.0000,22.85
T8:skinny1-cold:steal#r1,skinny1,steal,8,cold,1200,180,1,32,spin,0,none,256,1.00,1,10900,1.500160,11.449421,97.987,137.629,6684672,68.220,7.632,6.536960,5.419186,0.45155,1.3333,2.439,5.74572,0.0,10205.435,7.569e-07,ok,0.0000,22.85
T8:skinny1-cold:ggml#r1,skinny1,ggml,8,cold,1200,180,1,64,spin,0,none,256,1.00,1,12513,1.500737,11.296329,77.156,119.934,6684672,86.638,7.527,7.661840,4.313091,0.35925,1.0000,0.000,4.93814,0.0,12960.755,7.569e-07,ok,0.0000,22.46
T8:skinny1-cold:streamk-ks2#r1,skinny1,streamk,8,cold,1200,180,2,128,spin,0,none,256,1.00,1,12310,1.500099,11.237314,72.375,121.860,6684672,92.362,7.491,5.416464,6.544684,0.54535,1.3333,0.000,4.99335,0.0,13816.926,3.187e-07,ok,0.0000,22.46
T8:skinny1-cold:streamk-ks4#r1,skinny1,streamk,8,cold,1200,180,4,128,spin,0,none,256,1.00,1,9741,1.504418,10.812169,72.502,154.442,6684672,92.200,7.187,4.486681,7.508890,0.62390,1.3333,0.000,6.07151,0.0,13792.723,2.390e-07,ok,0.0000,22.19
T8:skinny1-cold:streamk-ks8#r1,skinny1,streamk,8,cold,1200,180,8,128,spin,0,none,256,1.00,1,16763,1.503962,11.309591,53.620,89.719,6684672,124.668,7.520,7.436628,4.534410,0.37687,1.0000,0.000,3.69048,0.0,18649.757,1.594e-07,ok,0.0000,22.17
T8:skinny1-hot:v0.1-static#r2,skinny1,static,8,hot,0,1,1,128,spin,0,none,256,1.00,1,78192,1.503532,11.121332,9.538,19.229,6684672,700.846,7.397,6.236453,5.614357,0.46676,1.0000,0.000,0.77800,0.0,104843.802,7.569e-07,ok,0.0000,22.17
T8:skinny1-hot:balanced#r2,skinny1,balanced,8,hot,0,1,1,128,spin,0,none,256,1.00,1,100125,1.500011,11.335966,9.530,14.981,6684672,701.435,7.557,7.624917,4.145888,0.34549,1.0000,0.000,0.61930,0.0,104931.792,7.569e-07,ok,0.0000,22.24
T8:skinny1-hot:steal#r2,skinny1,steal,8,hot,0,1,1,32,spin,0,none,256,1.00,1,47133,1.504304,11.126189,14.846,31.916,6684672,450.268,7.396,4.321861,7.498628,0.62310,1.3333,1.421,1.29125,0.0,67358.209,7.569e-07,ok,0.0000,22.24
T8:skinny1-hot:ggml#r2,skinny1,ggml,8,hot,0,1,1,64,spin,0,none,256,1.00,1,70252,1.505389,11.105681,9.708,21.428,6684672,688.574,7.377,5.781602,6.085681,0.50532,1.0000,0.000,0.86472,0.0,103007.837,7.569e-07,ok,0.0000,22.24
T8:skinny1-hot:streamk-ks2#r2,skinny1,streamk,8,hot,0,1,2,128,spin,0,none,256,1.00,1,92413,1.500012,11.448049,10.478,16.232,6684672,637.972,7.632,5.806331,6.008761,0.50073,1.3333,0.000,0.67762,0.0,95438.068,3.187e-07,ok,0.0000,22.38
T8:skinny1-hot:streamk-ks4#r2,skinny1,streamk,8,hot,0,1,4,128,spin,0,none,256,1.00,1,71788,1.505959,11.126915,10.476,20.978,6684672,638.094,7.389,4.777117,7.131495,0.59194,1.3333,0.000,0.84783,0.0,95456.279,2.390e-07,ok,0.0000,22.38
T8:skinny1-hot:streamk-ks8#r2,skinny1,streamk,8,hot,0,1,8,128,spin,0,none,256,1.00,1,91193,1.505588,11.119902,8.153,16.510,6684672,819.903,7.386,5.973750,5.857322,0.48630,1.0000,0.000,0.66700,0.0,122654.242,1.594e-07,ok,0.0000,22.38
T8:skinny1-cold:v0.1-static#r2,skinny1,static,8,cold,1200,180,1,128,spin,0,none,256,1.00,1,10447,1.500592,11.118230,75.505,143.639,6684672,88.533,7.409,6.315951,5.655082,0.47107,1.0000,0.000,5.82145,0.0,13244.156,7.569e-07,ok,0.0000,22.59
T8:skinny1-cold:balanced#r2,skinny1,balanced,8,cold,1200,180,1,128,spin,0,none,256,1.00,1,12043,1.501048,11.117712,69.580,124.641,6684672,96.072,7.407,6.919670,5.059537,0.42133,1.0000,0.000,5.04973,0.0,14371.946,7.569e-07,ok,0.0000,22.59
T8:skinny1-cold:steal#r2,skinny1,steal,8,cold,1200,180,1,32,spin,0,none,256,1.00,1,10859,1.500156,11.326246,89.627,138.149,6684672,74.583,7.550,6.139266,5.812444,0.48432,1.3333,2.570,5.70537,0.0,11157.352,7.569e-07,ok,0.0000,21.98
T8:skinny1-cold:ggml#r2,skinny1,ggml,8,cold,1200,180,1,64,spin,0,none,256,1.00,1,10665,1.500086,11.053475,69.174,140.655,6684672,96.636,7.369,6.215944,5.758553,0.47985,1.0000,0.000,5.66925,0.0,14456.298,7.569e-07,ok,0.0000,22.22
T8:skinny1-cold:streamk-ks2#r2,skinny1,streamk,8,cold,1200,180,2,128,spin,0,none,256,1.00,1,11798,1.500092,11.084901,70.092,127.148,6684672,95.370,7.389,4.934042,7.033265,0.58607,1.3333,0.000,5.13938,0.0,14266.963,3.187e-07,ok,0.0000,22.22
T8:skinny1-cold:streamk-ks4#r2,skinny1,streamk,8,cold,1200,180,4,128,spin,0,none,256,1.00,1,15901,1.500111,11.590346,73.490,94.341,6684672,90.960,7.726,6.867420,5.075691,0.42294,1.3333,0.000,3.98712,0.0,13607.293,2.390e-07,ok,0.0000,22.77
T8:skinny1-cold:streamk-ks8#r2,skinny1,streamk,8,cold,1200,180,8,128,spin,0,none,256,1.00,1,17115,1.500078,11.316635,54.752,87.647,6684672,122.090,7.544,7.640026,4.302067,0.35849,1.0000,0.000,3.61683,0.0,18264.173,1.594e-07,ok,0.0000,22.77
