impl,kernel,regime,threads,n_q,n_kv,heads,kv_heads,calls,wall_s,cpu_s,us_per_call,GFLOPs,GBps,proxy_uJ_per_call,relerr,check,drift_s,dv,mla,lib,case,rep,cpu_us,us
kurn-f16,attn_f16_d128,cold,8,1,512,16,8,20254,0.400014,3.199213,19.750,212.37,107.02,864.012,7.008e-07,ok,0.000000,128,0,kurn,decode-1.7B-d512,0,157.95462624666732,19.75
kurn-q8_0,attn_q8_0_d128,cold,8,1,512,16,8,21118,0.400014,3.199182,18.942,221.43,59.68,828.655,8.054e-07,ok,0.000000,128,0,kurn,decode-1.7B-d512,0,151.4907661710389,18.942
kurn-k4c_q4,attn_k4c_q4_d128,cold,8,1,512,16,8,12484,0.400004,3.196510,32.041,130.9,19.94,1400.586,5.138e-07,ok,0.000000,128,0,kurn,decode-1.7B-d512,0,256.04854213393145,32.041
kurn-k4c_q8,attn_k4c_q8_d128,cold,8,1,512,16,8,12051,0.400005,3.199943,33.193,126.36,27.15,1452.468,5.525e-07,ok,0.000000,128,0,kurn,decode-1.7B-d512,0,265.5333997178658,33.193
kurn-f16,attn_f16_d128,cold,8,1,2048,16,8,5342,0.400030,3.196806,74.884,224.04,112.24,3273.405,3.48e-07,ok,0.000000,128,0,kurn,decode-1.7B-d2048,0,598.4286783976039,74.884
kurn-q8_0,attn_q8_0_d128,cold,8,1,2048,16,8,7291,0.400006,3.198729,54.863,305.8,81.53,2399.815,3.922e-07,ok,0.000000,128,0,kurn,decode-1.7B-d2048,0,438.72294609792897,54.863
kurn-k4c_q4,attn_k4c_q4_d128,cold,8,1,2048,16,8,5154,0.400013,3.198759,77.612,216.17,32.3,3394.880,8.089e-07,ok,0.000000,128,0,kurn,decode-1.7B-d2048,0,620.6362048894063,77.612
kurn-k4c_q8,attn_k4c_q8_d128,cold,8,1,2048,16,8,5346,0.400009,3.199176,74.824,224.22,47.52,3273.380,6.697e-07,ok,0.000000,128,0,kurn,decode-1.7B-d2048,0,598.4242424242424,74.824
kurn-f16,attn_f16_d128,cold,8,1,8192,16,8,1288,0.400204,3.199073,310.717,215.98,108.04,13586.125,7.48e-07,ok,0.000000,128,0,kurn,decode-1.7B-d8192,0,2483.7523291925468,310.717
kurn-q8_0,attn_q8_0_d128,cold,8,1,8192,16,8,1927,0.400117,3.196634,207.637,323.2,85.93,9073.996,1.137e-06,ok,0.000000,128,0,kurn,decode-1.7B-d8192,0,1658.8655941878567,207.637
kurn-k4c_q4,attn_k4c_q4_d128,cold,8,1,8192,16,8,1558,0.400174,3.199768,256.851,261.28,38.85,11234.100,7.605e-07,ok,0.000000,128,0,kurn,decode-1.7B-d8192,0,2053.7663671373557,256.851
kurn-k4c_q8,attn_k4c_q8_d128,cold,8,1,8192,16,8,1568,0.400118,3.200475,255.177,262.99,55.54,11164.921,1.084e-06,ok,0.000000,128,0,kurn,decode-1.7B-d8192,0,2041.1192602040815,255.177
kurn-f16,attn_f16_d128,cold,8,1,16384,16,8,715,0.400354,3.199507,559.935,239.7,119.88,24477.344,8.47e-07,ok,0.000000,128,0,kurn,decode-1.7B-d16384,0,4474.8349650349655,559.935
kurn-q8_0,attn_q8_0_d128,cold,8,1,16384,16,8,918,0.400598,3.171064,436.382,307.57,81.74,18895.120,1.188e-06,ok,0.000000,128,0,kurn,decode-1.7B-d16384,0,3454.318082788671,436.382
kurn-k4c_q4,attn_k4c_q4_d128,cold,8,1,16384,16,8,836,0.400059,3.198734,478.539,280.47,41.67,20929.518,8.06e-07,ok,0.000000,128,0,kurn,decode-1.7B-d16384,0,3826.236842105263,478.539
kurn-k4c_q8,attn_k4c_q8_d128,cold,8,1,16384,16,8,754,0.400379,3.198768,531.007,252.76,53.35,23205.915,7.474e-07,ok,0.000000,128,0,kurn,decode-1.7B-d16384,0,4242.3978779840845,531.007
kurn-f16,attn_f16_d128,cold,8,1,32768,16,8,325,0.400467,3.226235,1232.207,217.85,108.94,54300.021,1.211e-06,ok,0.000000,128,0,kurn,decode-1.7B-d32768,0,9926.876923076923,1232.207
kurn-q8_0,attn_q8_0_d128,cold,8,1,32768,16,8,515,0.400294,3.198755,777.270,345.36,91.76,33975.121,1.251e-06,ok,0.000000,128,0,kurn,decode-1.7B-d32768,0,6211.174757281553,777.27
kurn-k4c_q4,attn_k4c_q4_d128,cold,8,1,32768,16,8,342,0.400471,3.199822,1170.968,229.24,34.04,51178.444,7.016e-07,ok,0.000000,128,0,kurn,decode-1.7B-d32768,0,9356.204678362574,1170.968
kurn-k4c_q8,attn_k4c_q8_d128,cold,8,1,32768,16,8,405,0.400402,3.199049,988.646,271.52,57.29,43206.911,7.98e-07,ok,0.000000,128,0,kurn,decode-1.7B-d32768,0,7898.8864197530875,988.646
kurn-f16,attn_f16_d128,cold,8,1,512,32,8,16727,0.400015,3.199049,23.914,350.78,89.06,1046.141,5.026e-07,ok,0.000000,128,0,kurn,decode-8B-d512,0,191.25061278173013,23.914
kurn-q8_0,attn_q8_0_d128,cold,8,1,512,32,8,17236,0.400025,3.227284,23.209,361.44,49.42,1024.208,7.596e-07,ok,0.000000,128,0,kurn,decode-8B-d512,0,187.2408911580413,23.209
kurn-k4c_q4,attn_k4c_q4_d128,cold,8,1,512,32,8,10510,0.400026,3.201323,38.061,220.4,17.22,1666.150,7.737e-07,ok,0.000000,128,0,kurn,decode-8B-d512,0,304.5978116079924,38.061
kurn-k4c_q8,attn_k4c_q8_d128,cold,8,1,512,32,8,10529,0.400005,3.199348,37.991,220.81,24.15,1662.117,5.197e-07,ok,0.000000,128,0,kurn,decode-8B-d512,0,303.86057555323396,37.991
kurn-f16,attn_f16_d128,cold,8,1,2048,32,8,3687,0.400065,3.189354,108.507,309.24,77.61,4731.697,4.525e-07,ok,0.000000,128,0,kurn,decode-8B-d2048,0,865.0268510984539,108.507
kurn-q8_0,attn_q8_0_d128,cold,8,1,2048,32,8,5157,0.400006,3.197817,77.566,432.59,57.88,3391.906,4.622e-07,ok,0.000000,128,0,kurn,decode-8B-d2048,0,620.0924956369983,77.566
kurn-k4c_q4,attn_k4c_q4_d128,cold,8,1,2048,32,8,4323,0.400101,3.199310,92.552,362.55,27.26,4048.167,4.853e-07,ok,0.000000,128,0,kurn,decode-8B-d2048,0,740.0670830441823,92.552
kurn-k4c_q8,attn_k4c_q8_d128,cold,8,1,2048,32,8,3817,0.400015,3.199265,104.798,320.18,34.08,4584.747,7.9e-07,ok,0.000000,128,0,kurn,decode-8B-d2048,0,838.1621692428608,104.798
kurn-f16,attn_f16_d128,cold,8,1,8192,32,8,1008,0.400219,3.227245,397.043,338.04,84.59,17512.926,7.313e-07,ok,0.000000,128,0,kurn,decode-8B-d8192,0,3201.6319444444443,397.043
kurn-q8_0,attn_q8_0_d128,cold,8,1,8192,32,8,1358,0.400288,3.227093,294.763,455.34,60.59,12998.672,9.195e-07,ok,0.000000,128,0,kurn,decode-8B-d8192,0,2376.3571428571427,294.763
kurn-k4c_q4,attn_k4c_q4_d128,cold,8,1,8192,32,8,1123,0.400084,3.149091,356.264,376.74,28.05,15338.850,8.496e-07,ok,0.000000,128,0,kurn,decode-8B-d8192,0,2804.1772039180764,356.264
kurn-k4c_q8,attn_k4c_q8_d128,cold,8,1,8192,32,8,903,0.400858,3.041372,443.918,302.35,31.96,18423.373,9.897e-07,ok,0.000000,128,0,kurn,decode-8B-d8192,0,3368.075304540421,443.918
kurn-f16,attn_f16_d128,cold,8,1,16384,32,8,482,0.400977,3.069605,831.903,322.68,80.71,34835.557,8.838e-07,ok,0.000000,128,0,kurn,decode-8B-d16384,0,6368.47510373444,831.903
kurn-q8_0,attn_q8_0_d128,cold,8,1,16384,32,8,497,0.402265,3.054022,809.387,331.65,44.09,33612.682,1.051e-06,ok,0.000000,128,0,kurn,decode-8B-d16384,0,6144.913480885311,809.387
kurn-k4c_q4,attn_k4c_q4_d128,cold,8,1,16384,32,8,599,0.400479,3.194964,668.579,401.5,29.85,29176.047,1.241e-06,ok,0.000000,128,0,kurn,decode-8B-d16384,0,5333.829716193656,668.579
kurn-k4c_q8,attn_k4c_q8_d128,cold,8,1,16384,32,8,588,0.400147,3.198785,680.521,394.46,41.65,29757.409,1.261e-06,ok,0.000000,128,0,kurn,decode-8B-d16384,0,5440.110544217687,680.521
kurn-f16,attn_f16_d128,cold,8,1,32768,32,8,307,0.400735,3.199939,1305.326,411.29,102.85,57015.208,1.289e-06,ok,0.000000,128,0,kurn,decode-8B-d32768,0,10423.254071661238,1305.326
kurn-q8_0,attn_q8_0_d128,cold,8,1,32768,32,8,389,0.400835,3.197659,1030.424,521.02,69.23,44964.516,8.321e-07,ok,0.000000,128,0,kurn,decode-8B-d32768,0,8220.203084832905,1030.424
kurn-k4c_q4,attn_k4c_q4_d128,cold,8,1,32768,32,8,320,0.400406,3.199726,1251.269,429.06,31.87,54695.324,1.569e-06,ok,0.000000,128,0,kurn,decode-8B-d32768,0,9999.14375,1251.269
kurn-k4c_q8,attn_k4c_q8_d128,cold,8,1,32768,32,8,228,0.400645,3.066937,1757.217,305.52,32.24,73579.581,1.432e-06,ok,0.000000,128,0,kurn,decode-8B-d32768,0,13451.478070175437,1757.217
kurn-f16,attn_f16_d128,cold,8,1,512,16,8,12948,0.400003,3.034245,30.893,135.77,68.41,1281.845,7.008e-07,ok,0.000000,128,0,kurn,decode-1.7B-d512,1,234.3408248378128,30.893
kurn-q8_0,attn_q8_0_d128,cold,8,1,512,16,8,11969,0.400007,3.036596,33.420,125.5,33.83,1387.767,8.054e-07,ok,0.000000,128,0,kurn,decode-1.7B-d512,1,253.70507143453924,33.42
kurn-k4c_q4,attn_k4c_q4_d128,cold,8,1,512,16,8,8980,0.400054,3.077398,44.549,94.15,14.34,1874.540,5.138e-07,ok,0.000000,128,0,kurn,decode-1.7B-d512,1,342.69465478841875,44.549
kurn-k4c_q8,attn_k4c_q8_d128,cold,8,1,512,16,8,8865,0.400014,3.091170,45.123,92.95,19.97,1907.355,5.525e-07,ok,0.000000,128,0,kurn,decode-1.7B-d512,1,348.6937394247039,45.123
kurn-f16,attn_f16_d128,cold,8,1,2048,16,8,2144,0.400005,3.035538,186.569,89.92,45.05,7744.586,3.48e-07,ok,0.000000,128,0,kurn,decode-1.7B-d2048,1,1415.829291044776,186.569
kurn-q8_0,attn_q8_0_d128,cold,8,1,2048,16,8,4600,0.400024,3.075995,86.962,192.93,51.43,3657.760,3.922e-07,ok,0.000000,128,0,kurn,decode-1.7B-d2048,1,668.6945652173913,86.962
kurn-k4c_q4,attn_k4c_q4_d128,cold,8,1,2048,16,8,3885,0.400042,3.057225,102.971,162.93,24.34,4304.509,8.089e-07,ok,0.000000,128,0,kurn,decode-1.7B-d2048,1,786.9305019305018,102.971
kurn-k4c_q8,attn_k4c_q8_d128,cold,8,1,2048,16,8,3567,0.400048,3.054169,112.152,149.59,31.7,4683.573,6.697e-07,ok,0.000000,128,0,kurn,decode-1.7B-d2048,1,856.229044014578,112.152
kurn-f16,attn_f16_d128,cold,8,1,8192,16,8,915,0.400130,3.199134,437.301,153.46,76.77,19124.878,7.48e-07,ok,0.000000,128,0,kurn,decode-1.7B-d8192,1,3496.32131147541,437.301
kurn-q8_0,attn_q8_0_d128,cold,8,1,8192,16,8,1345,0.400057,3.205656,297.440,225.62,59.99,13037.127,1.137e-06,ok,0.000000,128,0,kurn,decode-1.7B-d8192,1,2383.3873605947956,297.44
kurn-k4c_q4,attn_k4c_q4_d128,cold,8,1,8192,16,8,1499,0.400146,3.199595,266.942,251.4,37.38,11675.639,7.605e-07,ok,0.000000,128,0,kurn,decode-1.7B-d8192,1,2134.486324216144,266.942
kurn-k4c_q8,attn_k4c_q8_d128,cold,8,1,8192,16,8,1059,0.400003,3.067549,377.717,177.67,37.52,15844.656,1.084e-06,ok,0.000000,128,0,kurn,decode-1.7B-d8192,1,2896.6468366383383,377.717
kurn-f16,attn_f16_d128,cold,8,1,16384,16,8,467,0.400665,3.226740,857.956,156.44,78.24,37795.007,8.47e-07,ok,0.000000,128,0,kurn,decode-1.7B-d16384,1,6909.507494646681,857.956
kurn-q8_0,attn_q8_0_d128,cold,8,1,16384,16,8,724,0.400076,3.199208,552.591,242.89,64.55,24170.811,1.188e-06,ok,0.000000,128,0,kurn,decode-1.7B-d16384,1,4418.795580110497,552.591
kurn-k4c_q4,attn_k4c_q4_d128,cold,8,1,16384,16,8,758,0.400480,3.182658,528.338,254.04,37.74,22967.204,8.06e-07,ok,0.000000,128,0,kurn,decode-1.7B-d16384,1,4198.757255936675,528.338
kurn-k4c_q8,attn_k4c_q8_d128,cold,8,1,16384,16,8,677,0.400174,3.199492,591.099,227.06,47.92,25851.136,7.474e-07,ok,0.000000,128,0,kurn,decode-1.7B-d16384,1,4725.985228951255,591.099
kurn-f16,attn_f16_d128,cold,8,1,32768,16,8,292,0.401912,3.061528,1376.411,195.03,97.52,57351.218,1.211e-06,ok,0.000000,128,0,kurn,decode-1.7B-d32768,1,10484.68493150685,1376.411
kurn-q8_0,attn_q8_0_d128,cold,8,1,32768,16,8,472,0.400646,3.086745,848.827,316.24,84.02,35772.241,1.251e-06,ok,0.000000,128,0,kurn,decode-1.7B-d32768,1,6539.713983050848,848.827
kurn-k4c_q4,attn_k4c_q4_d128,cold,8,1,32768,16,8,433,0.400588,3.227679,925.145,290.15,43.09,40774.600,7.016e-07,ok,0.000000,128,0,kurn,decode-1.7B-d32768,1,7454.224018475751,925.145
kurn-k4c_q8,attn_k4c_q8_d128,cold,8,1,32768,16,8,431,0.400341,3.199437,928.865,288.99,60.98,40605.389,7.98e-07,ok,0.000000,128,0,kurn,decode-1.7B-d32768,1,7423.287703016242,928.865
kurn-f16,attn_f16_d128,cold,8,1,512,32,8,16477,0.400005,3.197175,24.277,345.54,87.74,1061.392,5.026e-07,ok,0.000000,128,0,kurn,decode-8B-d512,1,194.03865995023367,24.277
kurn-q8_0,attn_q8_0_d128,cold,8,1,512,32,8,17476,0.400006,3.198847,22.889,366.49,50.11,1001.241,7.596e-07,ok,0.000000,128,0,kurn,decode-8B-d512,1,183.04228656443124,22.889
kurn-k4c_q4,attn_k4c_q4_d128,cold,8,1,512,32,8,10901,0.400030,3.199456,36.697,228.59,17.86,1605.451,7.737e-07,ok,0.000000,128,0,kurn,decode-8B-d512,1,293.50114668379047,36.697
kurn-k4c_q8,attn_k4c_q8_d128,cold,8,1,512,32,8,8150,0.400001,3.075184,49.080,170.92,18.69,2063.958,5.197e-07,ok,0.000000,128,0,kurn,decode-8B-d512,1,377.3231901840491,49.08
kurn-f16,attn_f16_d128,cold,8,1,2048,32,8,2290,0.400013,2.928017,174.678,192.09,48.21,6993.998,4.525e-07,ok,0.000000,128,0,kurn,decode-8B-d2048,1,1278.6100436681224,174.678
kurn-q8_0,attn_q8_0_d128,cold,8,1,2048,32,8,3349,0.400008,2.960088,119.441,280.93,37.59,4834.782,4.622e-07,ok,0.000000,128,0,kurn,decode-8B-d2048,1,883.8722006569125,119.441
kurn-k4c_q4,attn_k4c_q4_d128,cold,8,1,2048,32,8,2832,0.400217,2.954601,141.319,237.44,17.85,5706.803,4.853e-07,ok,0.000000,128,0,kurn,decode-8B-d2048,1,1043.291313559322,141.319
kurn-k4c_q8,attn_k4c_q8_d128,cold,8,1,2048,32,8,3441,0.400054,3.165126,116.261,288.61,30.72,5031.455,7.9e-07,ok,0.000000,128,0,kurn,decode-8B-d2048,1,919.8273757628597,116.261
kurn-f16,attn_f16_d128,cold,8,1,8192,32,8,1170,0.400046,3.199280,341.920,392.54,98.23,14957.316,7.313e-07,ok,0.000000,128,0,kurn,decode-8B-d8192,1,2734.4273504273506,341.92
kurn-q8_0,attn_q8_0_d128,cold,8,1,8192,32,8,1317,0.400097,3.196099,303.794,441.8,58.79,13274.612,9.195e-07,ok,0.000000,128,0,kurn,decode-8B-d8192,1,2426.802581624905,303.794
kurn-k4c_q4,attn_k4c_q4_d128,cold,8,1,8192,32,8,1212,0.400593,3.199274,330.523,406.08,30.24,14438.967,8.496e-07,ok,0.000000,128,0,kurn,decode-8B-d8192,1,2639.66501650165,330.523
kurn-k4c_q8,attn_k4c_q8_d128,cold,8,1,8192,32,8,1198,0.400249,3.198824,334.098,401.73,42.47,14605.649,9.897e-07,ok,0.000000,128,0,kurn,decode-8B-d8192,1,2670.1368948247077,334.098
kurn-f16,attn_f16_d128,cold,8,1,16384,32,8,600,0.400231,3.196615,667.051,402.42,100.65,29142.476,8.838e-07,ok,0.000000,128,0,kurn,decode-8B-d16384,1,5327.691666666667,667.051
kurn-q8_0,attn_q8_0_d128,cold,8,1,16384,32,8,754,0.400494,3.199852,531.159,505.38,67.18,23213.783,1.051e-06,ok,0.000000,128,0,kurn,decode-8B-d16384,1,4243.835543766579,531.159
kurn-k4c_q4,attn_k4c_q4_d128,cold,8,1,16384,32,8,668,0.400386,3.196441,599.380,447.85,33.29,26174.447,1.241e-06,ok,0.000000,128,0,kurn,decode-8B-d16384,1,4785.09131736527,599.38
kurn-k4c_q8,attn_k4c_q8_d128,cold,8,1,16384,32,8,532,0.400141,3.090746,752.144,356.89,37.68,31778.907,1.261e-06,ok,0.000000,128,0,kurn,decode-8B-d16384,1,5809.672932330827,752.144
kurn-f16,attn_f16_d128,cold,8,1,32768,32,8,290,0.400088,3.199573,1379.612,389.15,97.31,60350.558,1.289e-06,ok,0.000000,128,0,kurn,decode-8B-d32768,1,11033.010344827586,1379.612
kurn-q8_0,attn_q8_0_d128,cold,8,1,32768,32,8,377,0.401003,3.198883,1063.669,504.73,67.07,46413.508,8.321e-07,ok,0.000000,128,0,kurn,decode-8B-d32768,1,8485.100795755969,1063.669
kurn-k4c_q4,attn_k4c_q4_d128,cold,8,1,32768,32,8,319,0.400961,3.227082,1256.931,427.13,31.73,55335.859,1.569e-06,ok,0.000000,128,0,kurn,decode-8B-d32768,1,10116.244514106582,1256.931
kurn-k4c_q8,attn_k4c_q8_d128,cold,8,1,32768,32,8,274,0.400390,3.084782,1461.276,367.4,38.77,61583.048,1.432e-06,ok,0.000000,128,0,kurn,decode-8B-d32768,1,11258.328467153284,1461.276
kurn-f16,attn_f16_d128,cold,8,1,512,16,8,13636,0.400014,3.050179,29.335,142.98,72.05,1223.561,7.008e-07,ok,0.000000,128,0,kurn,decode-1.7B-d512,2,223.68575828688765,29.335
kurn-q8_0,attn_q8_0_d128,cold,8,1,512,16,8,16014,0.400009,3.079197,24.979,167.92,45.26,1051.780,8.054e-07,ok,0.000000,128,0,kurn,decode-1.7B-d512,2,192.2815661296366,24.979
kurn-k4c_q4,attn_k4c_q4_d128,cold,8,1,512,16,8,9887,0.400006,3.088245,40.458,103.67,15.79,1708.577,5.138e-07,ok,0.000000,128,0,kurn,decode-1.7B-d512,2,312.3541013452008,40.458
kurn-k4c_q8,attn_k4c_q8_d128,cold,8,1,512,16,8,10124,0.400009,3.116599,39.511,106.16,22.81,1683.900,5.525e-07,ok,0.000000,128,0,kurn,decode-1.7B-d512,2,307.8426511260371,39.511
kurn-f16,attn_f16_d128,cold,8,1,2048,16,8,5228,0.400051,3.198009,76.521,219.25,109.84,3346.043,3.48e-07,ok,0.000000,128,0,kurn,decode-1.7B-d2048,2,611.7079188982402,76.521
kurn-q8_0,attn_q8_0_d128,cold,8,1,2048,16,8,7239,0.400016,3.195940,55.258,303.61,80.94,2414.946,3.922e-07,ok,0.000000,128,0,kurn,decode-1.7B-d2048,2,441.4891559607681,55.258
kurn-k4c_q4,attn_k4c_q4_d128,cold,8,1,2048,16,8,5707,0.400044,3.199262,70.097,239.34,35.76,3066.403,8.089e-07,ok,0.000000,128,0,kurn,decode-1.7B-d2048,2,560.5855966357105,70.097
kurn-k4c_q8,attn_k4c_q8_d128,cold,8,1,2048,16,8,4922,0.400063,3.194235,81.281,206.41,43.74,3549.871,6.697e-07,ok,0.000000,128,0,kurn,decode-1.7B-d2048,2,648.9709467696059,81.281
kurn-f16,attn_f16_d128,cold,8,1,8192,16,8,1343,0.400268,3.199331,298.040,225.17,112.64,13030.783,7.48e-07,ok,0.000000,128,0,kurn,decode-1.7B-d8192,2,2382.2271034996274,298.04
kurn-q8_0,attn_q8_0_d128,cold,8,1,8192,16,8,1942,0.400108,3.199550,206.029,325.73,86.6,9012.121,1.137e-06,ok,0.000000,128,0,kurn,decode-1.7B-d8192,2,1647.5540679711637,206.029
kurn-k4c_q4,attn_k4c_q4_d128,cold,8,1,8192,16,8,1648,0.400145,3.196423,242.807,276.39,41.09,10609.488,7.605e-07,ok,0.000000,128,0,kurn,decode-1.7B-d8192,2,1939.5770631067958,242.807
kurn-k4c_q8,attn_k4c_q8_d128,cold,8,1,8192,16,8,1553,0.400188,3.196798,257.687,260.43,55.0,11259.809,1.084e-06,ok,0.000000,128,0,kurn,decode-1.7B-d8192,2,2058.466194462331,257.687
kurn-f16,attn_f16_d128,cold,8,1,16384,16,8,727,0.400139,3.199257,550.397,243.86,121.96,24071.438,8.47e-07,ok,0.000000,128,0,kurn,decode-1.7B-d16384,2,4400.628610729023,550.397
kurn-q8_0,attn_q8_0_d128,cold,8,1,16384,16,8,1065,0.400227,3.197036,375.800,357.15,94.91,16420.457,1.188e-06,ok,0.000000,128,0,kurn,decode-1.7B-d16384,2,3001.9117370892022,375.8
kurn-k4c_q4,attn_k4c_q4_d128,cold,8,1,16384,16,8,873,0.400431,3.199941,458.684,292.61,43.47,20050.031,8.06e-07,ok,0.000000,128,0,kurn,decode-1.7B-d16384,2,3665.4536082474224,458.684
kurn-k4c_q8,attn_k4c_q8_d128,cold,8,1,16384,16,8,852,0.400192,3.199383,469.709,285.75,60.31,20540.643,7.474e-07,ok,0.000000,128,0,kurn,decode-1.7B-d16384,2,3755.144366197183,469.709
kurn-f16,attn_f16_d128,cold,8,1,32768,16,8,357,0.400860,3.196659,1122.858,239.06,119.55,48979.621,1.211e-06,ok,0.000000,128,0,kurn,decode-1.7B-d32768,2,8954.226890756303,1122.858
kurn-q8_0,attn_q8_0_d128,cold,8,1,32768,16,8,548,0.400486,3.225291,730.814,367.31,97.59,32194.055,1.251e-06,ok,0.000000,128,0,kurn,decode-1.7B-d32768,2,5885.567518248175,730.814
kurn-k4c_q4,attn_k4c_q4_d128,cold,8,1,32768,16,8,437,0.400642,3.199992,916.800,292.8,43.48,40054.822,7.016e-07,ok,0.000000,128,0,kurn,decode-1.7B-d32768,2,7322.636155606408,916.8
kurn-k4c_q8,attn_k4c_q8_d128,cold,8,1,32768,16,8,440,0.400080,3.199237,909.273,295.22,62.29,39772.332,7.98e-07,ok,0.000000,128,0,kurn,decode-1.7B-d32768,2,7270.993181818182,909.273
kurn-f16,attn_f16_d128,cold,8,1,512,32,8,17506,0.400002,3.197597,22.849,367.13,93.22,999.135,5.026e-07,ok,0.000000,128,0,kurn,decode-8B-d512,2,182.65720324460187,22.849
kurn-q8_0,attn_q8_0_d128,cold,8,1,512,32,8,16864,0.400014,3.199255,23.720,353.65,48.35,1037.709,7.596e-07,ok,0.000000,128,0,kurn,decode-8B-d512,2,189.7091437381404,23.72
kurn-k4c_q4,attn_k4c_q4_d128,cold,8,1,512,32,8,10400,0.400026,3.198475,38.464,218.09,17.04,1682.275,7.737e-07,ok,0.000000,128,0,kurn,decode-8B-d512,2,307.5456730769231,38.464
kurn-k4c_q8,attn_k4c_q8_d128,cold,8,1,512,32,8,10714,0.400016,3.199211,37.336,224.68,24.57,1633.347,5.197e-07,ok,0.000000,128,0,kurn,decode-8B-d512,2,298.60098935971627,37.336
kurn-f16,attn_f16_d128,cold,8,1,2048,32,8,4050,0.400075,3.199275,98.784,339.67,85.25,4320.996,4.525e-07,ok,0.000000,128,0,kurn,decode-8B-d2048,2,789.9444444444445,98.784
kurn-q8_0,attn_q8_0_d128,cold,8,1,2048,32,8,5281,0.400063,3.197611,75.755,442.93,59.26,3312.050,4.622e-07,ok,0.000000,128,0,kurn,decode-8B-d2048,2,605.4934671463737,75.755
kurn-k4c_q4,attn_k4c_q4_d128,cold,8,1,2048,32,8,4043,0.400001,3.196206,98.937,339.15,25.5,4324.325,4.853e-07,ok,0.000000,128,0,kurn,decode-8B-d2048,2,790.5530546623795,98.937
kurn-k4c_q8,attn_k4c_q8_d128,cold,8,1,2048,32,8,4316,0.400002,3.199318,92.679,362.05,38.54,4054.743,7.9e-07,ok,0.000000,128,0,kurn,decode-8B-d2048,2,741.2692307692308,92.679
kurn-f16,attn_f16_d128,cold,8,1,8192,32,8,1084,0.400066,3.199186,369.064,363.67,91.01,16143.494,7.313e-07,ok,0.000000,128,0,kurn,decode-8B-d8192,2,2951.2785977859776,369.064
kurn-q8_0,attn_q8_0_d128,cold,8,1,8192,32,8,1396,0.400082,3.198700,286.591,468.32,62.31,12533.586,9.195e-07,ok,0.000000,128,0,kurn,decode-8B-d8192,2,2291.3323782234957,286.591
kurn-k4c_q4,attn_k4c_q4_d128,cold,8,1,8192,32,8,1318,0.400044,3.196642,303.524,442.2,32.93,13266.792,8.496e-07,ok,0.000000,128,0,kurn,decode-8B-d8192,2,2425.373292867982,303.524
kurn-k4c_q8,attn_k4c_q8_d128,cold,8,1,8192,32,8,1180,0.400262,3.199590,339.205,395.68,41.83,14831.997,9.897e-07,ok,0.000000,128,0,kurn,decode-8B-d8192,2,2711.5169491525426,339.205
kurn-f16,attn_f16_d128,cold,8,1,16384,32,8,589,0.400150,3.199290,679.371,395.12,98.83,29711.576,8.838e-07,ok,0.000000,128,0,kurn,decode-8B-d16384,2,5431.731748726655,679.371
kurn-q8_0,attn_q8_0_d128,cold,8,1,16384,32,8,715,0.400076,3.199164,559.546,479.74,63.77,24474.720,1.051e-06,ok,0.000000,128,0,kurn,decode-8B-d16384,2,4474.355244755245,559.546
kurn-k4c_q4,attn_k4c_q4_d128,cold,8,1,16384,32,8,663,0.400162,3.201298,603.562,444.75,33.06,26411.913,1.241e-06,ok,0.000000,128,0,kurn,decode-8B-d16384,2,4828.503770739065,603.562
kurn-k4c_q8,attn_k4c_q8_d128,cold,8,1,16384,32,8,610,0.400613,3.200099,656.743,408.74,43.16,28695.968,1.261e-06,ok,0.000000,128,0,kurn,decode-8B-d16384,2,5246.06393442623,656.743
kurn-f16,attn_f16_d128,cold,8,1,32768,32,8,310,0.400853,3.200072,1293.073,415.19,103.82,56465.789,1.289e-06,ok,0.000000,128,0,kurn,decode-8B-d32768,2,10322.812903225808,1293.073
kurn-q8_0,attn_q8_0_d128,cold,8,1,32768,32,8,372,0.400671,3.198095,1077.073,498.45,66.23,47025.757,8.321e-07,ok,0.000000,128,0,kurn,decode-8B-d32768,2,8597.029569892473,1077.073
kurn-k4c_q4,attn_k4c_q4_d128,cold,8,1,32768,32,8,346,0.400416,3.199775,1157.271,463.91,34.46,50586.045,1.569e-06,ok,0.000000,128,0,kurn,decode-8B-d32768,2,9247.904624277455,1157.271
kurn-k4c_q8,attn_k4c_q8_d128,cold,8,1,32768,32,8,306,0.400402,3.195334,1308.504,410.29,43.3,57119.202,1.432e-06,ok,0.000000,128,0,kurn,decode-8B-d32768,2,10442.26797385621,1308.504
kurn-f16,attn_f16_d128,cold,8,1,512,16,8,22442,0.400007,3.199397,17.824,235.32,118.58,779.819,7.008e-07,ok,0.000000,128,0,kurn,decode-1.7B-d512,3,142.5629177435166,17.824
kurn-q8_0,attn_q8_0_d128,cold,8,1,512,16,8,21063,0.400005,3.199467,18.991,220.86,59.53,830.892,8.054e-07,ok,0.000000,128,0,kurn,decode-1.7B-d512,3,151.89987181313202,18.991
kurn-k4c_q4,attn_k4c_q4_d128,cold,8,1,512,16,8,12196,0.400019,3.198367,32.799,127.88,19.48,1434.492,5.138e-07,ok,0.000000,128,0,kurn,decode-1.7B-d512,3,262.2472122007216,32.799
kurn-k4c_q8,attn_k4c_q8_d128,cold,8,1,512,16,8,12001,0.400007,3.197076,33.331,125.84,27.04,1457.213,5.525e-07,ok,0.000000,128,0,kurn,decode-1.7B-d512,3,266.4007999333389,33.331
kurn-f16,attn_f16_d128,cold,8,1,2048,16,8,4971,0.400012,3.198510,80.469,208.49,104.45,3519.583,3.48e-07,ok,0.000000,128,0,kurn,decode-1.7B-d2048,3,643.4339167169584,80.469
kurn-q8_0,attn_q8_0_d128,cold,8,1,2048,16,8,7528,0.400023,3.198374,53.138,315.73,84.17,2324.005,3.922e-07,ok,0.000000,128,0,kurn,decode-1.7B-d2048,3,424.86370882040376,53.138
kurn-k4c_q4,attn_k4c_q4_d128,cold,8,1,2048,16,8,5732,0.400045,3.199496,69.792,240.39,35.92,3053.253,8.089e-07,ok,0.000000,128,0,kurn,decode-1.7B-d2048,3,558.1814375436147,69.792
kurn-k4c_q8,attn_k4c_q8_d128,cold,8,1,2048,16,8,5609,0.400057,3.199386,71.324,235.22,49.85,3120.100,6.697e-07,ok,0.000000,128,0,kurn,decode-1.7B-d2048,3,570.402210732751,71.324
kurn-f16,attn_f16_d128,cold,8,1,8192,16,8,1200,0.400246,3.198772,333.538,201.2,100.65,14581.069,7.48e-07,ok,0.000000,128,0,kurn,decode-1.7B-d8192,3,2665.6433333333334,333.538
kurn-q8_0,attn_q8_0_d128,cold,8,1,8192,16,8,1717,0.400055,3.195453,232.997,288.03,76.58,10180.039,1.137e-06,ok,0.000000,128,0,kurn,decode-1.7B-d8192,3,1861.0675596971462,232.997
kurn-k4c_q4,attn_k4c_q4_d128,cold,8,1,8192,16,8,1597,0.400095,3.198923,250.529,267.87,39.83,10956.863,7.605e-07,ok,0.000000,128,0,kurn,decode-1.7B-d8192,3,2003.082654978084,250.529
kurn-k4c_q8,attn_k4c_q8_d128,cold,8,1,8192,16,8,1617,0.400179,3.199292,247.482,271.17,57.27,10822.590,1.084e-06,ok,0.000000,128,0,kurn,decode-1.7B-d8192,3,1978.5355596784168,247.482
kurn-f16,attn_f16_d128,cold,8,1,16384,16,8,689,0.400118,3.197254,580.723,231.12,115.59,25383.137,8.47e-07,ok,0.000000,128,0,kurn,decode-1.7B-d16384,3,4640.426705370101,580.723
kurn-q8_0,attn_q8_0_d128,cold,8,1,16384,16,8,1031,0.400256,3.198838,388.221,345.73,91.88,16971.526,1.188e-06,ok,0.000000,128,0,kurn,decode-1.7B-d16384,3,3102.655674102813,388.221
kurn-k4c_q4,attn_k4c_q4_d128,cold,8,1,16384,16,8,766,0.400312,3.177365,522.600,256.83,38.15,22689.538,8.06e-07,ok,0.000000,128,0,kurn,decode-1.7B-d16384,3,4147.996083550914,522.6
kurn-k4c_q8,attn_k4c_q8_d128,cold,8,1,16384,16,8,840,0.400180,3.198637,476.405,281.73,59.46,20829.217,7.474e-07,ok,0.000000,128,0,kurn,decode-1.7B-d16384,3,3807.9011904761905,476.405
kurn-f16,attn_f16_d128,cold,8,1,32768,16,8,338,0.400626,3.199950,1185.283,226.47,113.25,51786.181,1.211e-06,ok,0.000000,128,0,kurn,decode-1.7B-d32768,3,9467.307692307691,1185.283
kurn-q8_0,attn_q8_0_d128,cold,8,1,32768,16,8,546,0.400161,3.200323,732.896,366.27,97.31,32061.841,1.251e-06,ok,0.000000,128,0,kurn,decode-1.7B-d32768,3,5861.3974358974365,732.896
kurn-k4c_q4,attn_k4c_q4_d128,cold,8,1,32768,16,8,436,0.400257,3.199549,918.021,292.41,43.42,40141.130,7.016e-07,ok,0.000000,128,0,kurn,decode-1.7B-d32768,3,7338.415137614679,918.021
kurn-k4c_q8,attn_k4c_q8_d128,cold,8,1,32768,16,8,434,0.400083,3.199443,921.850,291.19,61.44,40324.783,7.98e-07,ok,0.000000,128,0,kurn,decode-1.7B-d32768,3,7371.9884792626735,921.85
kurn-f16,attn_f16_d128,cold,8,1,512,32,8,18058,0.400006,3.197949,22.151,378.7,96.15,968.700,5.026e-07,ok,0.000000,128,0,kurn,decode-8B-d512,3,177.09319968988814,22.151
kurn-q8_0,attn_q8_0_d128,cold,8,1,512,32,8,18126,0.400021,3.199236,22.069,380.11,51.97,965.454,7.596e-07,ok,0.000000,128,0,kurn,decode-8B-d512,3,176.4998344918901,22.069
kurn-k4c_q4,attn_k4c_q4_d128,cold,8,1,512,32,8,10831,0.400005,3.199163,36.931,227.14,17.75,1615.679,7.737e-07,ok,0.000000,128,0,kurn,decode-8B-d512,3,295.370972209399,36.931
kurn-k4c_q8,attn_k4c_q8_d128,cold,8,1,512,32,8,10797,0.400032,3.198897,37.050,226.41,24.76,1620.632,5.197e-07,ok,0.000000,128,0,kurn,decode-8B-d512,3,296.2764656849125,37.05
kurn-f16,attn_f16_d128,cold,8,1,2048,32,8,4006,0.400026,3.198096,99.857,336.03,84.33,4366.846,4.525e-07,ok,0.000000,128,0,kurn,decode-8B-d2048,3,798.326510234648,99.857
kurn-q8_0,attn_q8_0_d128,cold,8,1,2048,32,8,5423,0.400034,3.199294,73.766,454.88,60.86,3227.021,4.622e-07,ok,0.000000,128,0,kurn,decode-8B-d2048,3,589.9491056610732,73.766
kurn-k4c_q4,attn_k4c_q4_d128,cold,8,1,2048,32,8,4312,0.400099,3.195226,92.787,361.63,27.19,4053.313,4.853e-07,ok,0.000000,128,0,kurn,decode-8B-d2048,3,741.0078849721707,92.787
kurn-k4c_q8,attn_k4c_q8_d128,cold,8,1,2048,32,8,4317,0.400024,3.199054,92.662,362.11,38.55,4053.468,7.9e-07,ok,0.000000,128,0,kurn,decode-8B-d2048,3,741.0363678480426,92.662
kurn-f16,attn_f16_d128,cold,8,1,8192,32,8,1153,0.400270,3.227295,347.155,386.62,96.75,15310.757,7.313e-07,ok,0.000000,128,0,kurn,decode-8B-d8192,3,2799.041630529054,347.155
kurn-q8_0,attn_q8_0_d128,cold,8,1,8192,32,8,1415,0.400142,3.197271,282.786,474.63,63.15,12359.770,9.195e-07,ok,0.000000,128,0,kurn,decode-8B-d8192,3,2259.555477031802,282.786
kurn-k4c_q4,attn_k4c_q4_d128,cold,8,1,8192,32,8,1252,0.400208,3.199469,319.655,419.88,31.27,13978.512,8.496e-07,ok,0.000000,128,0,kurn,decode-8B-d8192,3,2555.48642172524,319.655
kurn-k4c_q8,attn_k4c_q8_d128,cold,8,1,8192,32,8,1181,0.400126,3.199359,338.803,396.15,41.88,14818.369,9.897e-07,ok,0.000000,128,0,kurn,decode-8B-d8192,3,2709.0254022015242,338.803
kurn-f16,attn_f16_d128,cold,8,1,16384,32,8,574,0.400009,3.196844,696.880,385.2,96.35,30464.695,8.838e-07,ok,0.000000,128,0,kurn,decode-8B-d16384,3,5569.414634146341,696.88
kurn-q8_0,attn_q8_0_d128,cold,8,1,16384,32,8,722,0.400437,3.195529,554.622,484.0,64.34,24209.893,1.051e-06,ok,0.000000,128,0,kurn,decode-8B-d16384,3,4425.940443213297,554.622
kurn-k4c_q4,attn_k4c_q4_d128,cold,8,1,16384,32,8,688,0.400488,3.199326,582.104,461.15,34.28,25436.502,1.241e-06,ok,0.000000,128,0,kurn,decode-8B-d16384,3,4650.1831395348845,582.104
kurn-k4c_q8,attn_k4c_q8_d128,cold,8,1,16384,32,8,634,0.400589,3.199215,631.844,424.84,44.86,27602.059,1.261e-06,ok,0.000000,128,0,kurn,decode-8B-d16384,3,5046.080441640378,631.844
kurn-f16,attn_f16_d128,cold,8,1,32768,32,8,310,0.400982,3.199416,1293.489,415.06,103.79,56454.206,1.289e-06,ok,0.000000,128,0,kurn,decode-8B-d32768,3,10320.696774193548,1293.489
kurn-q8_0,attn_q8_0_d128,cold,8,1,32768,32,8,388,0.400220,3.197414,1031.496,520.48,69.16,45076.944,8.321e-07,ok,0.000000,128,0,kurn,decode-8B-d32768,3,8240.757731958764,1031.496
kurn-k4c_q4,attn_k4c_q4_d128,cold,8,1,32768,32,8,358,0.400975,3.228342,1120.042,479.33,35.6,49326.897,1.569e-06,ok,0.000000,128,0,kurn,decode-8B-d32768,3,9017.715083798883,1120.042
kurn-k4c_q8,attn_k4c_q8_d128,cold,8,1,32768,32,8,322,0.400399,3.227190,1243.474,431.75,45.56,54822.136,1.432e-06,ok,0.000000,128,0,kurn,decode-8B-d32768,3,10022.329192546582,1243.474
kurn-f16,attn_f16_d128,cold,8,1,512,16,8,21370,0.400004,3.196640,18.718,224.08,112.91,818.232,7.008e-07,ok,0.000000,128,0,kurn,decode-1.7B-d512,4,149.58540009358913,18.718
kurn-q8_0,attn_q8_0_d128,cold,8,1,512,16,8,20952,0.400011,3.199327,19.092,219.69,59.21,835.258,8.054e-07,ok,0.000000,128,0,kurn,decode-1.7B-d512,4,152.6979285987018,19.092
kurn-k4c_q4,attn_k4c_q4_d128,cold,8,1,512,16,8,11520,0.400035,3.199649,34.725,120.79,18.4,1519.278,5.138e-07,ok,0.000000,128,0,kurn,decode-1.7B-d512,4,277.74730902777776,34.725
kurn-k4c_q8,attn_k4c_q8_d128,cold,8,1,512,16,8,12086,0.400018,3.198433,33.098,126.73,27.23,1447.578,5.525e-07,ok,0.000000,128,0,kurn,decode-1.7B-d512,4,264.6395002482211,33.098
kurn-f16,attn_f16_d128,cold,8,1,2048,16,8,5442,0.400017,3.199048,73.506,228.24,114.35,3215.507,3.48e-07,ok,0.000000,128,0,kurn,decode-1.7B-d2048,4,587.8441749356854,73.506
kurn-q8_0,attn_q8_0_d128,cold,8,1,2048,16,8,7433,0.400031,3.199189,53.818,311.74,83.11,2354.307,3.922e-07,ok,0.000000,128,0,kurn,decode-1.7B-d2048,4,430.40347100766854,53.818
kurn-k4c_q4,attn_k4c_q4_d128,cold,8,1,2048,16,8,5626,0.400011,3.198800,71.100,235.96,35.26,3110.103,8.089e-07,ok,0.000000,128,0,kurn,decode-1.7B-d2048,4,568.5744756487735,71.1
kurn-k4c_q8,attn_k4c_q8_d128,cold,8,1,2048,16,8,5764,0.400007,3.199333,69.397,241.76,51.23,3036.147,6.697e-07,ok,0.000000,128,0,kurn,decode-1.7B-d2048,4,555.0543025676614,69.397
kurn-f16,attn_f16_d128,cold,8,1,8192,16,8,1396,0.400037,3.198207,286.560,234.19,117.15,12531.655,7.48e-07,ok,0.000000,128,0,kurn,decode-1.7B-d8192,4,2290.979226361031,286.56
kurn-q8_0,attn_q8_0_d128,cold,8,1,8192,16,8,1995,0.400139,3.197992,200.571,334.59,88.96,8768.429,1.137e-06,ok,0.000000,128,0,kurn,decode-1.7B-d8192,4,1603.00350877193,200.571
kurn-k4c_q4,attn_k4c_q4_d128,cold,8,1,8192,16,8,1675,0.400074,3.199447,238.850,280.97,41.77,10448.343,7.605e-07,ok,0.000000,128,0,kurn,decode-1.7B-d8192,4,1910.1176119402985,238.85
kurn-k4c_q8,attn_k4c_q8_d128,cold,8,1,8192,16,8,1558,0.400061,3.198541,256.778,261.35,55.19,11229.796,1.084e-06,ok,0.000000,128,0,kurn,decode-1.7B-d8192,4,2052.9788189987166,256.778
kurn-f16,attn_f16_d128,cold,8,1,16384,16,8,728,0.400336,3.199585,549.913,244.07,122.07,24040.840,8.47e-07,ok,0.000000,128,0,kurn,decode-1.7B-d16384,4,4395.034340659341,549.913
kurn-q8_0,attn_q8_0_d128,cold,8,1,16384,16,8,1042,0.400268,3.198935,384.134,349.4,92.85,16792.876,1.188e-06,ok,0.000000,128,0,kurn,decode-1.7B-d16384,4,3069.9952015355084,384.134
kurn-k4c_q4,attn_k4c_q4_d128,cold,8,1,16384,16,8,836,0.400045,3.196100,478.523,280.48,41.67,20912.281,8.06e-07,ok,0.000000,128,0,kurn,decode-1.7B-d16384,4,3823.086124401914,478.523
kurn-k4c_q8,attn_k4c_q8_d128,cold,8,1,16384,16,8,837,0.400238,3.196419,478.182,280.68,59.24,20889.379,7.474e-07,ok,0.000000,128,0,kurn,decode-1.7B-d16384,4,3818.899641577061,478.182
kurn-f16,attn_f16_d128,cold,8,1,32768,16,8,363,0.400454,3.199617,1103.180,243.33,121.68,48214.609,1.211e-06,ok,0.000000,128,0,kurn,decode-1.7B-d32768,4,8814.371900826445,1103.18
kurn-q8_0,attn_q8_0_d128,cold,8,1,32768,16,8,543,0.400716,3.199756,737.967,363.75,96.64,32233.270,1.251e-06,ok,0.000000,128,0,kurn,decode-1.7B-d32768,4,5892.73664825046,737.967
kurn-k4c_q4,attn_k4c_q4_d128,cold,8,1,32768,16,8,436,0.400097,3.198869,917.653,292.52,43.44,40132.604,7.016e-07,ok,0.000000,128,0,kurn,decode-1.7B-d32768,4,7336.855504587156,917.653
kurn-k4c_q8,attn_k4c_q8_d128,cold,8,1,32768,16,8,428,0.400540,3.199874,935.842,286.84,60.52,40895.589,7.98e-07,ok,0.000000,128,0,kurn,decode-1.7B-d32768,4,7476.341121495327,935.842
kurn-f16,attn_f16_d128,cold,8,1,512,32,8,19253,0.400016,3.198619,20.777,403.75,102.51,908.765,5.026e-07,ok,0.000000,128,0,kurn,decode-8B-d512,4,166.1361346283696,20.777
kurn-q8_0,attn_q8_0_d128,cold,8,1,512,32,8,17915,0.400009,3.197263,22.328,375.7,51.36,976.223,7.596e-07,ok,0.000000,128,0,kurn,decode-8B-d512,4,178.4684900921016,22.328
kurn-k4c_q4,attn_k4c_q4_d128,cold,8,1,512,32,8,11321,0.400004,3.199512,35.333,237.42,18.55,1545.917,7.737e-07,ok,0.000000,128,0,kurn,decode-8B-d512,4,282.6174366222065,35.333
kurn-k4c_q8,attn_k4c_q8_d128,cold,8,1,512,32,8,10842,0.400027,3.199399,36.896,227.36,24.87,1614.159,5.197e-07,ok,0.000000,128,0,kurn,decode-8B-d512,4,295.0930640103302,36.896
kurn-f16,attn_f16_d128,cold,8,1,2048,32,8,4130,0.400028,3.197504,96.859,346.42,86.94,4234.951,4.525e-07,ok,0.000000,128,0,kurn,decode-8B-d2048,4,774.214043583535,96.859
kurn-q8_0,attn_q8_0_d128,cold,8,1,2048,32,8,5388,0.400053,3.199125,74.249,451.92,60.46,3247.813,4.622e-07,ok,0.000000,128,0,kurn,decode-8B-d2048,4,593.75,74.249
kurn-k4c_q4,attn_k4c_q4_d128,cold,8,1,2048,32,8,4090,0.400011,3.197434,97.802,343.08,25.8,4276.275,4.853e-07,ok,0.000000,128,0,kurn,decode-8B-d2048,4,781.7687041564792,97.802
kurn-k4c_q8,attn_k4c_q8_d128,cold,8,1,2048,32,8,4302,0.400042,3.198950,92.990,360.84,38.41,4067.471,7.9e-07,ok,0.000000,128,0,kurn,decode-8B-d2048,4,743.5960018596002,92.99
kurn-f16,attn_f16_d128,cold,8,1,8192,32,8,1150,0.400018,3.197012,347.842,385.86,96.56,15206.658,7.313e-07,ok,0.000000,128,0,kurn,decode-8B-d8192,4,2780.0104347826086,347.842
kurn-q8_0,attn_q8_0_d128,cold,8,1,8192,32,8,1443,0.400072,3.226262,277.250,484.1,64.41,12229.835,9.195e-07,ok,0.000000,128,0,kurn,decode-8B-d8192,4,2235.801801801802,277.25
kurn-k4c_q4,attn_k4c_q4_d128,cold,8,1,8192,32,8,1326,0.400258,3.199667,301.853,444.65,33.11,13199.231,8.496e-07,ok,0.000000,128,0,kurn,decode-8B-d8192,4,2413.021870286576,301.853
kurn-k4c_q8,attn_k4c_q8_d128,cold,8,1,8192,32,8,1224,0.400225,3.198915,326.981,410.48,43.39,14295.806,9.897e-07,ok,0.000000,128,0,kurn,decode-8B-d8192,4,2613.4926470588234,326.981
kurn-f16,attn_f16_d128,cold,8,1,16384,32,8,573,0.400085,3.195599,698.228,384.45,96.16,30505.977,8.838e-07,ok,0.000000,128,0,kurn,decode-8B-d16384,4,5576.961605584643,698.228
kurn-q8_0,attn_q8_0_d128,cold,8,1,16384,32,8,719,0.400330,3.227693,556.787,482.12,64.09,24555.604,1.051e-06,ok,0.000000,128,0,kurn,decode-8B-d16384,4,4489.141863699582,556.787
kurn-k4c_q4,attn_k4c_q4_d128,cold,8,1,16384,32,8,641,0.400202,3.198764,624.340,429.95,31.96,27296.783,1.241e-06,ok,0.000000,128,0,kurn,decode-8B-d16384,4,4990.271450858034,624.34
kurn-k4c_q8,attn_k4c_q8_d128,cold,8,1,16384,32,8,609,0.400366,3.198832,657.416,408.32,43.11,28731.708,1.261e-06,ok,0.000000,128,0,kurn,decode-8B-d16384,4,5252.597701149425,657.416
kurn-f16,attn_f16_d128,cold,8,1,32768,32,8,292,0.401577,3.228885,1375.265,390.38,97.62,60486.305,1.289e-06,ok,0.000000,128,0,kurn,decode-8B-d32768,4,11057.825342465754,1375.265
kurn-q8_0,attn_q8_0_d128,cold,8,1,32768,32,8,379,0.400868,3.200230,1057.699,507.58,67.44,46188.012,8.321e-07,ok,0.000000,128,0,kurn,decode-8B-d32768,4,8443.878627968337,1057.699
kurn-k4c_q4,attn_k4c_q4_d128,cold,8,1,32768,32,8,334,0.400401,3.206037,1198.805,447.84,33.27,52506.048,1.569e-06,ok,0.000000,128,0,kurn,decode-8B-d32768,4,9598.913173652694,1198.805
kurn-k4c_q8,attn_k4c_q8_d128,cold,8,1,32768,32,8,319,0.400474,3.199984,1255.405,427.65,45.13,54871.191,1.432e-06,ok,0.000000,128,0,kurn,decode-8B-d32768,4,10031.297805642635,1255.405
