case,impl,reps,us_med,us_min,us_max,GFLOPs,GBps,cpu_wall,uJ_per_call,relerr,check,drift_s,load
prefill-1.7B-d2048,kurn-amx-f16,3,2145.79,2110.08,2187.38,3503.75,7.82,7.98,93621.7,0.006003,ok,0.0,3.74
prefill-1.7B-d2048,kurn-amx-q8_0,3,2148.53,2085.59,2200.4,3499.27,5.98,8.06,94334.1,0.006151,ok,0.0,3.74
prefill-1.7B-d2048,kurn-amx-k4c_q4,3,2711.13,2693.82,2718.83,2773.12,4.01,8.04,119312.3,0.004686,ok,0.0,3.74
prefill-1.7B-d2048,kurn-amx-k4c_q8,3,2706.4,2680.58,2713.24,2777.97,4.41,7.99,118259.8,0.004518,ok,0.0,3.74
prefill-1.7B-d8192,kurn-amx-f16,3,8147.11,8121.44,8173.63,4085.88,5.15,7.96,353853.2,0.005009,ok,0.0,3.74
prefill-1.7B-d8192,kurn-amx-q8_0,3,8726.81,8363.77,8747.75,3814.46,3.0,7.97,380422.2,0.004458,ok,0.0,3.74
prefill-1.7B-d8192,kurn-amx-k4c_q4,3,10383.52,10187.18,10456.19,3205.86,1.77,8.01,456805.0,0.003343,ok,0.0,3.74
prefill-1.7B-d8192,kurn-amx-k4c_q8,3,10434.46,10402.96,10461.75,3190.21,2.16,8.0,457531.3,0.003382,ok,0.0,3.74
prefill-1.7B-d32768,kurn-amx-f16,3,31496.84,31105.83,32357.35,4329.56,4.53,7.98,1374276.9,0.009568,ok,0.0,3.74
prefill-1.7B-d32768,kurn-amx-q8_0,3,34197.01,33786.58,34441.45,3987.7,2.33,7.97,1486640.7,0.006854,ok,0.0,3.74
prefill-1.7B-d32768,kurn-amx-k4c_q4,3,40546.06,40485.08,40755.35,3363.27,1.19,8.01,1783136.3,0.01204,FAIL,0.0,3.74
prefill-1.7B-d32768,kurn-amx-k4c_q8,3,41341.56,40826.24,41565.39,3298.55,1.57,7.99,1809409.8,0.0115,FAIL,0.0,3.74
