rows,prefetch,threads,us,cpu_us,energy_uJ,edp,GBps,GOPs,relerr
4,4,1,28.575,28.574326737624112,156.3015672548039,4466.317284306021,9.66,73.392,5.581e-08
4,8,1,28.592,28.591636883488206,156.39625375268048,4471.68168729664,9.654,73.347,5.581e-08
4,16,1,28.611,28.61090050783206,156.50162577784135,4477.668015129819,9.648,73.299,5.581e-08
4,0,1,29.307,29.30602974576892,160.30398270935598,4698.028821263096,9.419,71.558,5.581e-08
1,0,1,29.467,29.46644567219153,161.18145782688765,4749.534017784898,9.368,71.17,5.581e-08
2,8,1,29.973,29.971676906938413,163.9450726809531,4913.925663466207,9.209,69.967,5.581e-08
2,4,1,30.003,29.994074407440745,164.06758700870088,4922.519813022052,9.2,69.898,5.581e-08
2,16,1,30.044,30.03672825597116,164.30090356016223,4936.256346561514,9.188,69.803,5.581e-08
1,16,1,30.286,30.282328891580864,165.64433903694731,5016.704452072987,9.114,69.245,5.581e-08
1,8,1,30.285,30.284351578469224,165.65540313422665,5016.873883920054,9.115,69.248,5.581e-08
1,4,1,30.294,30.29284361984097,165.70185460053008,5019.771983268459,9.112,69.227,5.581e-08
2,0,1,30.51,30.50873312485699,166.88277019296774,5091.593318587446,9.047,68.738,5.581e-08
8,8,1,30.904,30.902425834363413,169.03626931396786,5223.896866878863,8.932,67.859,5.581e-08
8,16,1,31.21,31.18444253725521,170.578900678786,5323.767490184911,8.844,67.194,5.581e-08
8,4,1,31.286,31.282965743782263,171.11782261848896,5353.592198442046,8.823,67.031,5.581e-08
8,0,1,31.624,31.623053205787016,172.97810103565496,5470.259467151553,8.729,66.315,5.581e-08
