name,regime,threads,us,cpu_wall,GBps,energy_uJ,drift_s,check,reps
ggml_vec_dot,hot,1,29.43,0.94,20.2,151.6,0.0,ok,28.7;28.2;30.5;29.4;30.0
ggml_graph_amx,hot,1,17.02,0.98,35.0,91.0,0.0004,ok,16.8;17.5;17.4;16.9;17.0
kurn_v01_hot_cfg,hot,1,26.99,0.96,22.1,141.5,0.0003,ok,26.7;27.0;30.1;30.7;24.8
v1_native,hot,1,42.73,0.95,13.9,222.0,0.0,ok,40.5;42.7;52.3;46.1;39.9
v2_native,hot,1,28.08,0.95,21.2,145.8,0.0,ok,26.9;28.0;28.1;30.6;28.4
search_native_winner,hot,1,27.33,0.94,21.8,139.9,0.0,ok,25.7;27.0;27.3;29.0;27.6
i16_default_r2,hot,1,9.84,0.96,60.5,51.8,0.0,ok,10.2;9.8;9.6;9.9;9.8
composed_default_r2,hot,1,9.96,0.94,59.8,51.4,0.0,ok,10.0;9.3;9.3;10.4;10.0
search_full_winner,hot,1,8.98,0.97,66.3,47.5,0.0,ok,10.4;8.4;9.0;8.9;10.1
