time,model,config,ctx,chunks,ubatch,ppl,load_start
2026-10-03T03:51:26,qwen3-1.7b-bf16,ggml batched,512,4,512,4.7923 +/- 0.43938,19.33
2026-10-03T04:12:05,bonsai-1.7b-q1_0,ggml batched,512,4,512,16.5260 +/- 1.60867,18.82
2026-10-03T04:12:49,bonsai-1.7b-q1_0,ggml ubatch=1,512,4,1,16.5255 +/- 1.60852,23.51
2026-10-03T04:13:25,bonsai-1.7b-q1_0,kurn GGML_KURN_Q1_0=lut ubatch=1,512,4,1,16.5423 +/- 1.61082,27.47
2026-10-03T04:13:50,bonsai-1.7b-q1_0,kurn GGML_KURN_Q1_0=i16 ubatch=1,512,4,1,16.5423 +/- 1.61082,27.71
2026-10-03T05:38:19,qwen3-1.7b-q4_k_m,ggml batched,512,4,512,6.4328 +/- 0.63134,35.35
2026-10-03T06:45:54,bonsai-8b-q1_0,ggml batched,512,2,512,7.9206 +/- 0.88747,33.22
2026-10-03T06:47:32,bonsai-8b-q1_0,ggml ubatch=1,512,2,1,7.9216 +/- 0.88755,33.59
2026-10-03T06:48:59,bonsai-8b-q1_0,kurn GGML_KURN_Q1_0=lut ubatch=1,512,2,1,7.9261 +/- 0.88833,34.21
2026-10-03T07:04:25,qwen3-1.7b-q2_k,ggml batched,512,4,512,32.7814 +/- 3.56692,14.54
2026-10-03T07:05:18,qwen3-1.7b-q2_k,ggml ubatch=1,512,4,1,31.9395 +/- 3.42580,16.24
2026-10-03T07:06:03,qwen3-1.7b-q2_k,kurn GGML_KURN_Q2_K=k16 ubatch=1,512,4,1,33.6754 +/- 3.68330,22.01
2026-10-03T08:05:26,bitnet-2b4t-tq2_0,ggml batched,512,4,512,51.7364 +/- 4.58341,15.60
2026-10-03T08:06:28,bitnet-2b4t-tq2_0,ggml ubatch=1,512,4,1,51.6595 +/- 4.57513,15.83
2026-10-03T08:07:24,bitnet-2b4t-tq2_0,kurn GGML_KURN_TQ2_0=i16 ubatch=1,512,4,1,51.6719 +/- 4.57682,15.12
2026-10-03T08:08:34,bitnet-2b4t-tq2_0,kurn GGML_KURN_TQ2_0=lut ubatch=1,512,4,1,51.6719 +/- 4.57682,16.09
2026-10-03T08:39:53,bitnet-2b4t-tq1_0,ggml batched,512,4,512,51.7364 +/- 4.58341,7.95
2026-10-03T08:40:48,bitnet-2b4t-tq1_0,ggml ubatch=1,512,4,1,51.6595 +/- 4.57513,8.08
2026-10-03T09:30:11,bitnet-2b4t-tq1_0,kurn GGML_KURN_TQ1_0=i16 ubatch=1,512,4,1,51.6719 +/- 4.57682,10.79
2026-10-03T09:31:08,bitnet-2b4t-tq1_0,kurn GGML_KURN_TQ1_0=tern ubatch=1,512,4,1,51.6719 +/- 4.57682,11.09
2026-10-03T10:05:39,ternary-bonsai-8b-q2_0,ggml batched,512,2,512,3.1869 +/- 0.28110,9.19
2026-10-03T10:11:41,ternary-bonsai-8b-q2_0,ggml ubatch=1,512,2,1,3.1854 +/- 0.28100,12.33
2026-10-03T10:12:35,ternary-bonsai-8b-q2_0,kurn GGML_KURN_Q2_0=i16 ubatch=1,512,2,1,3.1881 +/- 0.28111,12.35
