time,model,config,threads,n_gen,avg_ts,load_start,load_end
2026-10-03T02:04:42,bonsai-1.7b-q1_0,ggml default (repack=1),8,64,44.263972,21.46,21.46
2026-10-03T02:04:43,bonsai-1.7b-q1_0,ggml plain (repack=0),8,64,55.984983,21.46,21.46
2026-10-03T02:04:48,bonsai-1.7b-q1_0,kurn GGML_KURN_Q1_0=lut,8,64,58.605513,21.46,21.03
2026-10-03T02:04:53,bonsai-1.7b-q1_0,kurn GGML_KURN_Q1_0=lut4,8,64,66.725311,21.03,20.86
2026-10-03T02:04:57,bonsai-1.7b-q1_0,kurn GGML_KURN_Q1_0=lut+GGML_KURN_LUT_SHARED=0,8,64,121.735350,20.86,20.87
2026-10-03T02:05:01,bonsai-1.7b-q1_0,kurn GGML_KURN_Q1_0=i16,8,64,78.160406,20.87,20.72
2026-10-03T02:05:02,bonsai-1.7b-q1_0,ggml default (repack=1),8,64,49.616802,20.72,20.72
2026-10-03T02:05:04,bonsai-1.7b-q1_0,ggml plain (repack=0),8,64,49.062761,20.72,20.91
2026-10-03T02:05:09,bonsai-1.7b-q1_0,kurn GGML_KURN_Q1_0=lut,8,64,100.182475,20.91,21.15
2026-10-03T02:05:14,bonsai-1.7b-q1_0,kurn GGML_KURN_Q1_0=lut4,8,64,57.320267,21.15,21.46
2026-10-03T02:05:19,bonsai-1.7b-q1_0,kurn GGML_KURN_Q1_0=lut+GGML_KURN_LUT_SHARED=0,8,64,51.410790,21.46,21.91
2026-10-03T02:05:22,bonsai-1.7b-q1_0,kurn GGML_KURN_Q1_0=i16,8,64,87.965995,21.91,21.91
2026-10-03T02:05:23,bonsai-1.7b-q1_0,ggml default (repack=1),8,64,54.977530,21.91,21.91
2026-10-03T02:05:25,bonsai-1.7b-q1_0,ggml plain (repack=0),8,64,62.600988,21.91,21.83
2026-10-03T02:05:30,bonsai-1.7b-q1_0,kurn GGML_KURN_Q1_0=lut,8,64,55.311145,21.83,22.41
2026-10-03T02:05:34,bonsai-1.7b-q1_0,kurn GGML_KURN_Q1_0=lut4,8,64,104.720988,22.41,22.62
2026-10-03T02:05:39,bonsai-1.7b-q1_0,kurn GGML_KURN_Q1_0=lut+GGML_KURN_LUT_SHARED=0,8,64,89.568836,22.62,22.17
2026-10-03T02:05:41,bonsai-1.7b-q1_0,kurn GGML_KURN_Q1_0=i16,8,64,137.089271,22.17,22.17
2026-10-03T03:38:27,bonsai-1.7b-q1_0,ggml default (repack=1),8,0/pp128x1,131.486373,19.72,19.72
2026-10-03T03:38:29,bonsai-1.7b-q1_0,ggml plain (repack=0),8,0/pp128x1,147.459424,19.72,19.82
2026-10-03T03:38:32,bonsai-1.7b-q1_0,kurn GGML_KURN_Q1_0=lut,8,0/pp128x1,132.706136,19.82,19.82
2026-10-03T03:38:34,bonsai-1.7b-q1_0,ggml default (repack=1),8,0/pp128x1,172.973601,19.82,19.92
2026-10-03T03:38:36,bonsai-1.7b-q1_0,ggml plain (repack=0),8,0/pp128x1,137.270222,19.92,19.92
2026-10-03T03:38:39,bonsai-1.7b-q1_0,kurn GGML_KURN_Q1_0=lut,8,0/pp128x1,145.593605,19.92,19.36
2026-10-03T03:38:41,bonsai-1.7b-q1_0,ggml default (repack=1),8,0/pp128x1,145.928430,19.36,19.36
2026-10-03T03:38:43,bonsai-1.7b-q1_0,ggml plain (repack=0),8,0/pp128x1,154.115470,19.36,19.49
2026-10-03T03:38:46,bonsai-1.7b-q1_0,kurn GGML_KURN_Q1_0=lut,8,0/pp128x1,141.601086,19.49,19.49
2026-10-03T03:38:50,bitnet-2b4t-tq2_0,ggml default (repack=1),8,0/pp128x1,175.168830,19.49,19.21
2026-10-03T03:38:52,bitnet-2b4t-tq2_0,ggml plain (repack=0),8,0/pp128x1,164.708427,19.21,19.21
2026-10-03T03:38:54,bitnet-2b4t-tq2_0,kurn GGML_KURN_TQ2_0=lut,8,0/pp128x1,161.160070,19.21,19.44
2026-10-03T03:38:57,bitnet-2b4t-tq2_0,ggml default (repack=1),8,0/pp128x1,161.355009,19.44,19.44
2026-10-03T03:38:58,bitnet-2b4t-tq2_0,ggml plain (repack=0),8,0/pp128x1,177.064139,19.44,19.08
2026-10-03T03:39:01,bitnet-2b4t-tq2_0,kurn GGML_KURN_TQ2_0=lut,8,0/pp128x1,153.805911,19.08,19.08
2026-10-03T03:39:03,bitnet-2b4t-tq2_0,ggml default (repack=1),8,0/pp128x1,183.648321,19.08,19.08
2026-10-03T03:39:05,bitnet-2b4t-tq2_0,ggml plain (repack=0),8,0/pp128x1,151.823447,19.08,18.67
2026-10-03T03:39:07,bitnet-2b4t-tq2_0,kurn GGML_KURN_TQ2_0=lut,8,0/pp128x1,200.824570,18.67,18.67
2026-10-03T04:03:14,bonsai-1.7b-q1_0,ggml default (repack=1),8,256x3,65.619481,15.57,16.40
2026-10-03T04:03:26,bonsai-1.7b-q1_0,ggml plain (repack=0),8,256x3,65.507142,16.40,16.87
2026-10-03T04:03:38,bonsai-1.7b-q1_0,kurn GGML_KURN_Q1_0=lut,8,256x3,90.078954,16.87,16.45
2026-10-03T04:03:49,bonsai-1.7b-q1_0,kurn GGML_KURN_Q1_0=lut4,8,256x3,101.262340,16.45,17.13
2026-10-03T04:04:00,bonsai-1.7b-q1_0,kurn GGML_KURN_Q1_0=lut+GGML_KURN_LUT_SHARED=0,8,256x3,102.108431,17.13,17.80
2026-10-03T04:04:09,bonsai-1.7b-q1_0,kurn GGML_KURN_Q1_0=i16,8,256x3,114.148420,17.80,18.06
2026-10-03T04:04:22,bonsai-1.7b-q1_0,ggml default (repack=1),8,256x3,61.503604,18.06,18.97
2026-10-03T04:04:35,bonsai-1.7b-q1_0,ggml plain (repack=0),8,256x3,61.497935,18.97,19.42
2026-10-03T04:04:48,bonsai-1.7b-q1_0,kurn GGML_KURN_Q1_0=lut,8,256x3,85.056564,19.42,19.75
2026-10-03T04:05:00,bonsai-1.7b-q1_0,kurn GGML_KURN_Q1_0=lut4,8,256x3,97.198300,19.75,19.16
2026-10-03T04:05:13,bonsai-1.7b-q1_0,kurn GGML_KURN_Q1_0=lut+GGML_KURN_LUT_SHARED=0,8,256x3,80.501014,19.16,18.92
2026-10-03T04:05:22,bonsai-1.7b-q1_0,kurn GGML_KURN_Q1_0=i16,8,256x3,110.200013,18.92,18.72
2026-10-03T04:05:35,bonsai-1.7b-q1_0,ggml default (repack=1),8,256x3,60.656188,18.72,19.08
2026-10-03T04:05:49,bonsai-1.7b-q1_0,ggml plain (repack=0),8,256x3,56.227104,19.08,19.12
2026-10-03T04:06:04,bonsai-1.7b-q1_0,kurn GGML_KURN_Q1_0=lut,8,256x3,71.654704,19.12,19.73
2026-10-03T04:06:15,bonsai-1.7b-q1_0,kurn GGML_KURN_Q1_0=lut4,8,256x3,110.079209,19.73,20.97
2026-10-03T04:06:26,bonsai-1.7b-q1_0,kurn GGML_KURN_Q1_0=lut+GGML_KURN_LUT_SHARED=0,8,256x3,101.916288,20.97,20.96
2026-10-03T04:06:34,bonsai-1.7b-q1_0,kurn GGML_KURN_Q1_0=i16,8,256x3,126.945644,20.96,20.57
2026-10-03T04:06:47,bonsai-1.7b-q1_0,ggml default (repack=1),8,256x3,60.469990,20.57,20.57
2026-10-03T04:07:00,bonsai-1.7b-q1_0,ggml plain (repack=0),8,256x3,59.023485,20.57,21.74
2026-10-03T04:07:15,bonsai-1.7b-q1_0,kurn GGML_KURN_Q1_0=lut,8,256x3,76.178343,21.74,21.47
2026-10-03T04:07:27,bonsai-1.7b-q1_0,kurn GGML_KURN_Q1_0=lut4,8,256x3,80.454594,21.47,22.08
2026-10-03T04:07:40,bonsai-1.7b-q1_0,kurn GGML_KURN_Q1_0=lut+GGML_KURN_LUT_SHARED=0,8,256x3,92.321998,22.08,22.79
2026-10-03T04:07:48,bonsai-1.7b-q1_0,kurn GGML_KURN_Q1_0=i16,8,256x3,116.478504,22.79,22.89
2026-10-03T04:08:01,bonsai-1.7b-q1_0,ggml default (repack=1),8,256x3,61.961706,22.89,23.64
2026-10-03T04:08:13,bonsai-1.7b-q1_0,ggml plain (repack=0),8,256x3,65.228696,23.64,22.79
2026-10-03T04:08:27,bonsai-1.7b-q1_0,kurn GGML_KURN_Q1_0=lut,8,256x3,75.032726,22.79,22.18
2026-10-03T04:08:38,bonsai-1.7b-q1_0,kurn GGML_KURN_Q1_0=lut4,8,256x3,105.819906,22.18,21.47
2026-10-03T04:08:50,bonsai-1.7b-q1_0,kurn GGML_KURN_Q1_0=lut+GGML_KURN_LUT_SHARED=0,8,256x3,92.885527,21.47,22.18
2026-10-03T04:08:58,bonsai-1.7b-q1_0,kurn GGML_KURN_Q1_0=i16,8,256x3,121.493943,22.18,22.24
2026-10-03T05:56:29,qwen3-1.7b-q2_k,ggml default (repack=1),8,256x3,24.841611,30.01,31.08
2026-10-03T05:56:57,qwen3-1.7b-q2_k,ggml plain (repack=0),8,256x3,28.116869,31.08,31.49
2026-10-03T05:57:22,qwen3-1.7b-q2_k,kurn GGML_KURN_Q2_K=k16,8,256x3,33.493760,31.49,32.25
2026-10-03T05:57:52,qwen3-1.7b-q2_k,ggml default (repack=1),8,256x3,25.816889,32.25,32.59
2026-10-03T05:58:26,qwen3-1.7b-q2_k,ggml plain (repack=0),8,256x3,23.352768,32.59,33.79
2026-10-03T05:58:54,qwen3-1.7b-q2_k,kurn GGML_KURN_Q2_K=k16,8,256x3,29.440318,33.79,34.53
2026-10-03T05:59:28,qwen3-1.7b-q2_k,ggml default (repack=1),8,256x3,23.229326,34.53,34.65
2026-10-03T06:00:03,qwen3-1.7b-q2_k,ggml plain (repack=0),8,256x3,22.378986,34.65,33.15
2026-10-03T06:00:28,qwen3-1.7b-q2_k,kurn GGML_KURN_Q2_K=k16,8,256x3,33.434890,33.15,32.30
2026-10-03T07:36:46,bitnet-2b4t-tq2_0,ggml default (repack=1),8,256x3,21.542909,24.04,22.64
2026-10-03T07:37:22,bitnet-2b4t-tq2_0,ggml plain (repack=0),8,256x3,21.654380,22.64,21.27
2026-10-03T07:37:57,bitnet-2b4t-tq2_0,kurn GGML_KURN_TQ2_0=i16,8,256x3,25.268575,21.27,21.21
2026-10-03T07:38:43,bitnet-2b4t-tq2_0,kurn GGML_KURN_TQ2_0=lut,8,256x3,23.382673,21.21,19.64
2026-10-03T07:39:40,bitnet-2b4t-tq2_0,kurn GGML_KURN_TQ2_0=addsub,8,256x3,18.710503,19.64,17.60
2026-10-03T07:40:09,bitnet-2b4t-tq2_0,ggml default (repack=1),8,256x3,26.398320,17.60,17.70
2026-10-03T07:40:40,bitnet-2b4t-tq2_0,ggml plain (repack=0),8,256x3,25.325762,17.70,17.12
2026-10-03T07:41:13,bitnet-2b4t-tq2_0,kurn GGML_KURN_TQ2_0=i16,8,256x3,26.024487,17.12,16.11
2026-10-03T07:41:57,bitnet-2b4t-tq2_0,kurn GGML_KURN_TQ2_0=lut,8,256x3,24.600759,16.11,14.08
2026-10-03T07:42:53,bitnet-2b4t-tq2_0,kurn GGML_KURN_TQ2_0=addsub,8,256x3,18.726754,14.08,12.83
2026-10-03T07:43:29,bitnet-2b4t-tq2_0,ggml default (repack=1),8,256x3,22.074848,12.83,14.36
2026-10-03T07:44:03,bitnet-2b4t-tq2_0,ggml plain (repack=0),8,256x3,22.347615,14.36,14.97
2026-10-03T07:44:36,bitnet-2b4t-tq2_0,kurn GGML_KURN_TQ2_0=i16,8,256x3,26.184377,14.97,14.40
2026-10-03T07:45:21,bitnet-2b4t-tq2_0,kurn GGML_KURN_TQ2_0=lut,8,256x3,24.264108,14.40,13.33
2026-10-03T07:46:17,bitnet-2b4t-tq2_0,kurn GGML_KURN_TQ2_0=addsub,8,256x3,18.518116,13.33,13.21
2026-10-03T08:23:39,bitnet-2b4t-tq1_0,ggml default (repack=1),8,256x3,24.868198,10.52,11.41
2026-10-03T08:24:10,bitnet-2b4t-tq1_0,ggml plain (repack=0),8,256x3,25.116371,11.41,12.42
2026-10-03T08:24:38,bitnet-2b4t-tq1_0,kurn GGML_KURN_TQ1_0=i16,8,256x3,32.169055,12.42,12.03
2026-10-03T08:25:07,bitnet-2b4t-tq1_0,kurn GGML_KURN_TQ1_0=tern,8,256x3,28.911063,12.03,11.81
2026-10-03T08:25:48,bitnet-2b4t-tq1_0,kurn GGML_KURN_TQ1_0=lut,8,256x3,25.640069,11.81,12.02
2026-10-03T08:26:26,bitnet-2b4t-tq1_0,ggml default (repack=1),8,256x3,20.339163,12.02,14.09
2026-10-03T08:27:01,bitnet-2b4t-tq1_0,ggml plain (repack=0),8,256x3,22.227687,14.09,14.25
2026-10-03T08:27:31,bitnet-2b4t-tq1_0,kurn GGML_KURN_TQ1_0=i16,8,256x3,29.585148,14.25,14.04
2026-10-03T08:28:04,bitnet-2b4t-tq1_0,kurn GGML_KURN_TQ1_0=tern,8,256x3,25.291411,14.04,12.88
2026-10-03T08:28:51,bitnet-2b4t-tq1_0,kurn GGML_KURN_TQ1_0=lut,8,256x3,21.114061,12.88,13.80
2026-10-03T08:29:29,bitnet-2b4t-tq1_0,ggml default (repack=1),8,256x3,20.707975,13.80,14.61
2026-10-03T08:30:01,bitnet-2b4t-tq1_0,ggml plain (repack=0),8,256x3,24.327155,14.61,14.17
2026-10-03T08:30:27,bitnet-2b4t-tq1_0,kurn GGML_KURN_TQ1_0=i16,8,256x3,34.581816,14.17,13.15
2026-10-03T08:30:56,bitnet-2b4t-tq1_0,kurn GGML_KURN_TQ1_0=tern,8,256x3,29.239496,13.15,12.55
2026-10-03T08:31:31,bitnet-2b4t-tq1_0,kurn GGML_KURN_TQ1_0=lut,8,256x3,30.594308,12.55,11.64
2026-10-03T09:37:17,bonsai-8b-q1_0,ggml default (repack=1),8,128x2,20.795312,11.31,11.07
2026-10-03T09:37:30,bonsai-8b-q1_0,ggml plain (repack=0),8,128x2,20.620936,11.07,11.20
2026-10-03T09:37:53,bonsai-8b-q1_0,kurn GGML_KURN_Q1_0=lut,8,128x2,25.131159,11.20,10.22
2026-10-03T09:38:13,bonsai-8b-q1_0,kurn GGML_KURN_Q1_0=lut4,8,128x2,32.515090,10.22,9.14
2026-10-03T09:38:27,bonsai-8b-q1_0,kurn GGML_KURN_Q1_0=i16,8,128x2,33.134670,9.14,9.30
2026-10-03T09:38:40,bonsai-8b-q1_0,ggml default (repack=1),8,128x2,19.968219,9.30,10.10
2026-10-03T09:38:54,bonsai-8b-q1_0,ggml plain (repack=0),8,128x2,19.228624,10.10,10.31
2026-10-03T09:39:17,bonsai-8b-q1_0,kurn GGML_KURN_Q1_0=lut,8,128x2,25.751421,10.31,9.19
2026-10-03T09:39:38,bonsai-8b-q1_0,kurn GGML_KURN_Q1_0=lut4,8,128x2,31.603581,9.19,8.42
2026-10-03T09:39:52,bonsai-8b-q1_0,kurn GGML_KURN_Q1_0=i16,8,128x2,31.960504,8.42,8.54
2026-10-03T09:40:05,bonsai-8b-q1_0,ggml default (repack=1),8,128x2,20.123426,8.54,9.38
2026-10-03T09:40:19,bonsai-8b-q1_0,ggml plain (repack=0),8,128x2,19.640291,9.38,9.86
2026-10-03T09:40:41,bonsai-8b-q1_0,kurn GGML_KURN_Q1_0=lut,8,128x2,25.512872,9.86,9.24
2026-10-03T09:41:01,bonsai-8b-q1_0,kurn GGML_KURN_Q1_0=lut4,8,128x2,32.715710,9.24,8.93
2026-10-03T09:41:15,bonsai-8b-q1_0,kurn GGML_KURN_Q1_0=i16,8,128x2,31.568216,8.93,9.13
2026-10-03T09:42:52,ternary-bonsai-8b-q2_0,ggml default (repack=1),8,128x2,2.784032,9.13,11.06
2026-10-03T09:50:27,ternary-bonsai-8b-q2_0,ggml plain (repack=0),8,128x2,1.520112,11.06,12.48
2026-10-03T09:50:50,ternary-bonsai-8b-q2_0,kurn GGML_KURN_Q2_0=i16,8,128x2,18.693325,12.48,11.91
2026-10-03T09:51:43,ternary-bonsai-8b-q2_0,kurn GGML_KURN_Q2_0=lut,8,128x2,15.040444,11.91,9.24
2026-10-03T09:53:18,ternary-bonsai-8b-q2_0,ggml default (repack=1),8,128x2,2.752102,9.24,11.67
2026-10-03T09:54:52,ternary-bonsai-8b-q2_0,ggml plain (repack=0),8,128x2,2.756858,11.67,12.19
2026-10-03T09:55:13,ternary-bonsai-8b-q2_0,kurn GGML_KURN_Q2_0=i16,8,128x2,20.146697,12.19,11.25
2026-10-03T09:56:04,ternary-bonsai-8b-q2_0,kurn GGML_KURN_Q2_0=lut,8,128x2,15.050953,11.25,8.57
2026-10-03T09:57:40,ternary-bonsai-8b-q2_0,ggml default (repack=1),8,128x2,2.713876,8.57,11.56
2026-10-03T09:59:14,ternary-bonsai-8b-q2_0,ggml plain (repack=0),8,128x2,2.748584,11.56,12.11
2026-10-03T09:59:34,ternary-bonsai-8b-q2_0,kurn GGML_KURN_Q2_0=i16,8,128x2,21.380651,12.11,11.46
2026-10-03T10:00:25,ternary-bonsai-8b-q2_0,kurn GGML_KURN_Q2_0=lut,8,128x2,14.768256,11.46,9.19
