format,family,rows,prefetch,us,cpu_us,energy_uJ,drift_s,key
q2_0,i16:mask/float,1,0,8.055,8.055151303600676,44.06,0.0000,gemv|q2_0|avx512_vnni|i16|packed|1|1|once|0|mask|act|unpacked|float|0|auto|0|1|auto|0|0|0|t0|rec|1|0|0|auto|auto
q2_0,i16:mask/float,1,8,8.169,8.16929444762138,44.69,0.0000,gemv|q2_0|avx512_vnni|i16|packed|1|1|once|8|mask|act|unpacked|float|0|auto|0|1|auto|0|0|0|t0|rec|1|0|0|auto|auto
q2_0,i16:mask/float,2,0,7.676,7.675570565960494,41.99,0.0000,gemv|q2_0|avx512_vnni|i16|packed|2|1|once|0|mask|act|unpacked|float|0|auto|0|1|auto|0|0|0|t0|rec|1|0|0|auto|auto
q2_0,i16:mask/float,2,8,7.656,7.649441126933088,41.84,0.0000,gemv|q2_0|avx512_vnni|i16|packed|2|1|once|8|mask|act|unpacked|float|0|auto|0|1|auto|0|0|0|t0|rec|1|0|0|auto|auto
q2_0,i16:mask/float,4,0,8.573,8.342410561206997,45.63,0.0000,gemv|q2_0|avx512_vnni|i16|packed|4|1|once|0|mask|act|unpacked|float|0|auto|0|1|auto|0|0|0|t0|rec|1|0|0|auto|auto
q2_0,i16:mask/float,4,8,8.716,8.712019524100059,47.65,0.0000,gemv|q2_0|avx512_vnni|i16|packed|4|1|once|8|mask|act|unpacked|float|0|auto|0|1|auto|0|0|0|t0|rec|1|0|0|auto|auto
q2_0,i16:lut/float,1,0,9.773,9.772500732922897,53.46,0.0000,gemv|q2_0|avx512_vnni|i16|packed|1|1|once|0|lut|act|unpacked|float|0|auto|0|1|auto|0|0|0|t0|rec|1|0|0|auto|auto
q2_0,i16:lut/float,1,8,9.815,9.814407694572578,53.68,0.0000,gemv|q2_0|avx512_vnni|i16|packed|1|1|once|8|lut|act|unpacked|float|0|auto|0|1|auto|0|0|0|t0|rec|1|0|0|auto|auto
q2_0,i16:lut/float,2,0,9.599,9.598336266197409,52.5,0.0000,gemv|q2_0|avx512_vnni|i16|packed|2|1|once|0|lut|act|unpacked|float|0|auto|0|1|auto|0|0|0|t0|rec|1|0|0|auto|auto
q2_0,i16:lut/float,2,8,9.545,9.545133475452607,52.21,0.0000,gemv|q2_0|avx512_vnni|i16|packed|2|1|once|8|lut|act|unpacked|float|0|auto|0|1|auto|0|0|0|t0|rec|1|0|0|auto|auto
q2_0,i16:lut/float,4,0,9.707,9.70710241061317,53.1,0.0000,gemv|q2_0|avx512_vnni|i16|packed|4|1|once|0|lut|act|unpacked|float|0|auto|0|1|auto|0|0|0|t0|rec|1|0|0|auto|auto
q2_0,i16:lut/float,4,8,10.218,10.217117362577481,55.89,0.0000,gemv|q2_0|avx512_vnni|i16|packed|4|1|once|8|lut|act|unpacked|float|0|auto|0|1|auto|0|0|0|t0|rec|1|0|0|auto|auto
q2_0,l32,1,0,22.983,22.976099279914198,125.68,0.0000,gemv|q2_0|avx512_vnni|l32|packed|1|1|once|0|lut|act|unpacked|float|0|auto|0|1|auto|0|0|0|t0|rec|1|0|0|auto|auto
q2_0,l32,1,8,23.119,23.11936503043847,126.46,0.0000,gemv|q2_0|avx512_vnni|l32|packed|1|1|once|8|lut|act|unpacked|float|0|auto|0|1|auto|0|0|0|t0|rec|1|0|0|auto|auto
q2_0,l32,2,0,22.86,22.860179823224623,125.05,0.0000,gemv|q2_0|avx512_vnni|l32|packed|2|1|once|0|lut|act|unpacked|float|0|auto|0|1|auto|0|0|0|t0|rec|1|0|0|auto|auto
q2_0,l32,2,8,22.876,22.875562333206247,125.13,0.0000,gemv|q2_0|avx512_vnni|l32|packed|2|1|once|8|lut|act|unpacked|float|0|auto|0|1|auto|0|0|0|t0|rec|1|0|0|auto|auto
q2_0,lut:serial4,1,0,11.108,11.107412618483414,60.76,0.0000,gemv|q2_0|avx512_vnni|lut|packed|1|1|once|0|auto|auto|auto|auto|0|auto|0|1|auto|0|0|0|t0|rec|1|0|0|serial4|auto
q2_0,lut:direct2,1,0,11.496,11.495305973866728,62.88,0.0000,gemv|q2_0|avx512_vnni|lut|packed|1|1|once|0|auto|auto|auto|auto|0|auto|0|1|auto|0|0|0|t0|rec|1|0|0|direct2|auto
q2_0,lut:direct3,1,0,15.513,15.508557836496202,84.83,0.0000,gemv|q2_0|avx512_vnni|lut|packed|1|1|once|0|auto|auto|auto|auto|0|auto|0|1|auto|0|0|0|t0|rec|1|0|0|direct3|auto
q2_0,lut:serial5,1,0,10.389,10.386037814253063,56.81,0.0000,gemv|q2_0|avx512_vnni|lut|packed|1|1|once|0|auto|auto|auto|auto|0|auto|0|1|auto|0|0|0|t0|rec|1|0|0|serial5|auto
q2_0,lut:serial6,1,0,11.847,11.846819097263358,64.8,0.0000,gemv|q2_0|avx512_vnni|lut|packed|1|1|once|0|auto|auto|auto|auto|0|auto|0|1|auto|0|0|0|t0|rec|1|0|0|serial6|auto
q2_0,lut:serial6m,1,0,11.477,11.467041585370518,62.72,0.0000,gemv|q2_0|avx512_vnni|lut|packed|1|1|once|0|auto|auto|auto|auto|0|auto|0|1|auto|0|0|0|t0|rec|1|0|0|serial6m|auto
q2_0,lut:serial4,1,8,11.374,11.37409008189263,62.22,0.0000,gemv|q2_0|avx512_vnni|lut|packed|1|1|once|8|auto|auto|auto|auto|0|auto|0|1|auto|0|0|0|t0|rec|1|0|0|serial4|auto
q2_0,lut:direct2,1,8,11.514,11.513528034693172,62.98,0.0000,gemv|q2_0|avx512_vnni|lut|packed|1|1|once|8|auto|auto|auto|auto|0|auto|0|1|auto|0|0|0|t0|rec|1|0|0|direct2|auto
q2_0,lut:direct3,1,8,15.45,15.449685858481821,84.51,0.0000,gemv|q2_0|avx512_vnni|lut|packed|1|1|once|8|auto|auto|auto|auto|0|auto|0|1|auto|0|0|0|t0|rec|1|0|0|direct3|auto
q2_0,lut:serial5,1,8,10.47,10.468993194904904,57.27,0.0000,gemv|q2_0|avx512_vnni|lut|packed|1|1|once|8|auto|auto|auto|auto|0|auto|0|1|auto|0|0|0|t0|rec|1|0|0|serial5|auto
q2_0,lut:serial6,1,8,11.755,11.754564689287673,64.3,0.0000,gemv|q2_0|avx512_vnni|lut|packed|1|1|once|8|auto|auto|auto|auto|0|auto|0|1|auto|0|0|0|t0|rec|1|0|0|serial6|auto
q2_0,lut:serial6m,1,8,11.487,11.486407841335476,62.83,0.0000,gemv|q2_0|avx512_vnni|lut|packed|1|1|once|8|auto|auto|auto|auto|0|auto|0|1|auto|0|0|0|t0|rec|1|0|0|serial6m|auto
q2_0,lut:serial4,2,0,11.398,11.291489361702128,61.76,0.0000,gemv|q2_0|avx512_vnni|lut|packed|2|1|once|0|auto|auto|auto|auto|0|auto|0|1|auto|0|0|0|t0|rec|1|0|0|serial4|auto
q2_0,lut:direct2,2,0,11.238,11.237460198539052,61.47,0.0000,gemv|q2_0|avx512_vnni|lut|packed|2|1|once|0|auto|auto|auto|auto|0|auto|0|1|auto|0|0|0|t0|rec|1|0|0|direct2|auto
q2_0,lut:direct3,2,0,13.082,13.081716304016048,71.56,0.0000,gemv|q2_0|avx512_vnni|lut|packed|2|1|once|0|auto|auto|auto|auto|0|auto|0|1|auto|0|0|0|t0|rec|1|0|0|direct3|auto
q2_0,lut:serial5,2,0,10.221,10.221014616197063,55.91,0.0000,gemv|q2_0|avx512_vnni|lut|packed|2|1|once|0|auto|auto|auto|auto|0|auto|0|1|auto|0|0|0|t0|rec|1|0|0|serial5|auto
q2_0,lut:serial6,2,0,11.241,11.240978753700302,61.49,0.0000,gemv|q2_0|avx512_vnni|lut|packed|2|1|once|0|auto|auto|auto|auto|0|auto|0|1|auto|0|0|0|t0|rec|1|0|0|serial6|auto
q2_0,lut:serial6m,2,0,11.311,11.310862270482223,61.87,0.0000,gemv|q2_0|avx512_vnni|lut|packed|2|1|once|0|auto|auto|auto|auto|0|auto|0|1|auto|0|0|0|t0|rec|1|0|0|serial6m|auto
q2_0,lut:serial4,2,8,11.307,11.30668626564149,61.85,0.0000,gemv|q2_0|avx512_vnni|lut|packed|2|1|once|8|auto|auto|auto|auto|0|auto|0|1|auto|0|0|0|t0|rec|1|0|0|serial4|auto
q2_0,lut:direct2,2,8,11.534,11.527892045672985,63.06,0.0000,gemv|q2_0|avx512_vnni|lut|packed|2|1|once|8|auto|auto|auto|auto|0|auto|0|1|auto|0|0|0|t0|rec|1|0|0|direct2|auto
q2_0,lut:direct3,2,8,13.151,13.143909174593434,71.9,0.0000,gemv|q2_0|avx512_vnni|lut|packed|2|1|once|8|auto|auto|auto|auto|0|auto|0|1|auto|0|0|0|t0|rec|1|0|0|direct3|auto
q2_0,lut:serial5,2,8,10.251,10.250358778104285,56.07,0.0000,gemv|q2_0|avx512_vnni|lut|packed|2|1|once|8|auto|auto|auto|auto|0|auto|0|1|auto|0|0|0|t0|rec|1|0|0|serial5|auto
q2_0,lut:serial6,2,8,11.327,11.32735510666415,61.96,0.0000,gemv|q2_0|avx512_vnni|lut|packed|2|1|once|8|auto|auto|auto|auto|0|auto|0|1|auto|0|0|0|t0|rec|1|0|0|serial6|auto
q2_0,lut:serial6m,2,8,11.279,11.278431519981954,61.69,0.0000,gemv|q2_0|avx512_vnni|lut|packed|2|1|once|8|auto|auto|auto|auto|0|auto|0|1|auto|0|0|0|t0|rec|1|0|0|serial6m|auto
q2_0,addsub:mask,1,0,27.653,27.65198156682028,151.26,0.0000,gemv|q2_0|avx512_vnni|addsub|packed|1|1|once|0|auto|auto|auto|auto|0|auto|0|1|auto|0|0|0|t0|rec|1|0|0|auto|mask
q2_0,addsub:sad,1,0,22.776,22.774445794108715,124.58,0.0000,gemv|q2_0|avx512_vnni|addsub|packed|1|1|once|0|auto|auto|auto|auto|0|auto|0|1|auto|0|0|0|t0|rec|1|0|0|auto|sad
q2_0,addsub:mask,1,8,27.247,27.243029697575153,149.02,0.0000,gemv|q2_0|avx512_vnni|addsub|packed|1|1|once|8|auto|auto|auto|auto|0|auto|0|1|auto|0|0|0|t0|rec|1|0|0|auto|mask
q2_0,addsub:sad,1,8,22.819,22.81851372936792,124.82,0.0000,gemv|q2_0|avx512_vnni|addsub|packed|1|1|once|8|auto|auto|auto|auto|0|auto|0|1|auto|0|0|0|t0|rec|1|0|0|auto|sad
q2_0,addsub:mask,2,0,23.028,23.01327909118821,125.88,0.0000,gemv|q2_0|avx512_vnni|addsub|packed|2|1|once|0|auto|auto|auto|auto|0|auto|0|1|auto|0|0|0|t0|rec|1|0|0|auto|mask
q2_0,addsub:sad,2,0,22.503,22.484698469846983,122.99,0.0000,gemv|q2_0|avx512_vnni|addsub|packed|2|1|once|0|auto|auto|auto|auto|0|auto|0|1|auto|0|0|0|t0|rec|1|0|0|auto|sad
q2_0,addsub:mask,2,8,23.027,23.007906048510897,125.85,0.0000,gemv|q2_0|avx512_vnni|addsub|packed|2|1|once|8|auto|auto|auto|auto|0|auto|0|1|auto|0|0|0|t0|rec|1|0|0|auto|mask
q2_0,addsub:sad,2,8,22.338,22.314445271779594,122.06,0.0000,gemv|q2_0|avx512_vnni|addsub|packed|2|1|once|8|auto|auto|auto|auto|0|auto|0|1|auto|0|0|0|t0|rec|1|0|0|auto|sad
