format,N,family,us,ns_per_row,Gweights_s,max_drift_s
q1_0,256,lut:direct5,6.777,26.47,154.7,0.0
q1_0,256,i16:mask/float,8.834,34.51,118.7,0.0
q1_0,1024,lut:direct5,20.425,19.95,205.4,0.0
q1_0,1024,i16:mask/float,34.057,33.26,123.2,0.0
q1_0,2048,lut:direct5,42.664,20.83,196.6,0.0
q1_0,2048,i16:mask/float,67.665,33.04,124.0,0.0
q2_0,256,i16:mask/float,7.701,30.08,136.2,0.0
q2_0,256,lut:serial5,10.516,41.08,99.7,0.0
q2_0,1024,i16:mask/float,29.555,28.86,141.9,0.0
q2_0,1024,lut:serial5,37.942,37.05,110.5,0.0
q2_0,2048,i16:mask/float,65.236,31.85,128.6,0.0
q2_0,2048,lut:serial5,86.552,42.26,96.9,0.0
tq2_0,256,i16:mask/int,7.305,28.54,143.5,0.0
tq2_0,256,lut:serial5,8.83,34.49,118.8,0.0
tq2_0,1024,i16:mask/int,28.159,27.5,149.0,0.0
tq2_0,1024,lut:serial5,31.019,30.29,135.2,0.0
tq2_0,2048,i16:mask/int,65.973,32.21,127.2,0.0
tq2_0,2048,lut:serial5,69.062,33.72,121.5,0.0
tq1_0,256,i16:mask/int,7.187,28.07,145.9,0.0
tq1_0,256,lut:serial4,9.706,37.91,108.0,0.0
tq1_0,1024,i16:mask/int,27.618,26.97,151.9,0.0
tq1_0,1024,lut:serial4,35.648,34.81,117.7,0.0
tq1_0,2048,i16:mask/int,64.081,31.29,130.9,0.0
tq1_0,2048,lut:serial4,72.023,35.17,116.5,0.0
q2_K,256,k16,8.877,34.68,118.1,0.0
q2_K,1024,k16,34.922,34.1,120.1,0.0
q2_K,2048,k16,76.746,37.47,109.3,0.0
