layout,lut,addsub,rows,prefetch,us,cpu_us,energy_uJ,edp,GBps,GOPs,relerr
lut,auto,auto,2,0,68.083,531.1114714227807,2905.1797486826104,197793.35282955816,52.289,492.843,3.904e-07
lut,auto,auto,2,8,74.033,577.9335208765177,3161.2963591945518,234040.25336025027,48.087,453.237,3.904e-07
lut,tern3,auto,1,0,87.837,667.7576767854009,3652.6344920161428,320836.45587522193,40.53,382.007,3.904e-07
lut,serial4,auto,2,8,96.642,739.5642500958957,4045.416448024549,390957.13636998844,36.837,347.205,3.904e-07
lut,tern3,auto,2,0,111.302,813.8674966651845,4451.855206758559,495500.38822264114,31.985,301.471,3.904e-07
lut,tern3,auto,2,8,123.775,901.0456114398422,4928.719494575937,610052.2554411365,28.762,271.093,3.904e-07
lut,auto,auto,1,8,125.73,922.7319587628865,5047.343814432989,634602.5377886598,28.315,266.877,3.904e-07
addsub,auto,sad,2,8,129.012,973.4602683178534,5324.827667698658,686966.6670651393,27.594,260.087,3.904e-07
lut,tern3,auto,1,8,143.987,1041.899142857143,5699.188311428572,820609.0273976658,24.724,233.038,3.904e-07
lut,auto,auto,1,0,147.45,1072.5072250073724,5866.614520790327,865032.3110905337,24.144,227.565,3.904e-07
addsub,auto,sad,1,8,145.234,1111.8652625504906,6081.9029861511835,883299.098290681,24.512,231.036,3.904e-07
addsub,auto,sad,2,0,157.127,1168.755625,6393.09326875,1004527.5660388813,22.657,213.55,3.904e-07
lut,serial4,auto,1,8,168.286,1234.453239812959,6752.459221776886,1136344.3525959451,21.154,199.389,3.904e-07
addsub,auto,auto,1,8,164.869,1279.3168480052752,6997.863158588855,1153730.701093386,21.593,203.522,3.904e-07
lut,direct2,auto,1,0,179.81,1331.6057450628366,7283.883425493716,1309715.078738025,19.799,186.611,3.904e-07
lut,serial4,auto,2,0,183.038,1338.7972181551977,7323.2207833089315,1340427.6857353002,19.45,183.32,3.904e-07
i16,auto,auto,2,8,185.076,1356.2290895632866,7418.573119911178,1372999.838740681,19.235,181.301,3.698e-07
addsub,auto,auto,2,0,182.25,1373.7645772594751,7514.492237609328,1369516.2103043,19.534,184.112,3.904e-07
lut,serial4,auto,1,0,198.039,1412.071287128713,7724.02994059406,1529659.165405307,17.976,169.434,3.904e-07
lut,direct2,auto,2,8,195.194,1420.2443403590946,7768.736541764247,1516410.7605331303,18.238,171.903,3.904e-07
i16,auto,auto,2,0,205.518,1462.382655158241,7999.233123715579,1643986.3931197783,17.322,163.268,3.698e-07
addsub,auto,sad,1,0,197.259,1469.618540433925,8038.81341617357,1585728.2956609821,18.047,170.104,3.904e-07
i16,auto,auto,1,0,207.936,1503.0539867109635,8221.70530730897,1709588.514780598,17.121,161.369,3.698e-07
addsub,auto,auto,2,8,217.582,1606.4062229904926,8787.042039757995,1911902.1810946239,16.362,154.215,3.904e-07
lut,direct2,auto,1,8,223.848,1618.1799462846911,8851.44430617726,1981378.1050491673,15.904,149.898,3.904e-07
i16,auto,auto,1,8,225.869,1655.2822944896113,9054.394150858174,2045106.952460185,15.761,148.557,3.698e-07
lut,direct2,auto,2,0,325.656,2118.5437813720023,11588.434484104851,3773843.2203556495,10.932,103.036,3.904e-07
addsub,auto,auto,1,0,953.002,6506.010135135134,35587.875439189185,33915316.46929817,3.736,35.209,3.904e-07
