config,prompt,rep,tok_s,n_predict,n_drafted,n_accept,accept_pct,widths,identical,first_diff,load
greedy,p0,0,12.572005545486997,256,,,,,True,,6.15
greedy,p1,0,12.472432256351036,256,,,,,True,,6.78
greedy,p2,0,11.953138073744768,256,,,,,True,,6.64
k3,p0,0,22.437576392526626,257,215,184,85.6,1:1 3:1 4:71,True,,6.64
k7,p0,0,28.77295118674429,257,300,213,71.0,1:1 7:1 8:42,True,,6.94
k3,p1,0,15.412293853073463,257,316,150,47.5,1:1 2:1 4:105,False,992,7.1
k7,p1,0,13.779422014905368,257,622,165,26.5,1:1 2:1 3:1 4:1 8:88,False,992,7.49
k3,p2,0,13.254254770500257,257,343,141,41.1,1:1 2:1 4:114,False,504,7.27
k7,p2,0,10.688292784362652,257,713,153,21.5,1:1 2:1 6:1 8:101,True,,7.47
greedy,h0,0,12.561495911602536,256,,,,,True,,5.98
greedy,h1,0,12.630158738806832,256,,,,,True,,6.27
greedy,h2,0,12.533761283457155,256,,,,,True,,6.92
greedy,h3,0,13.06904813766064,256,,,,,True,,6.96
greedy,h4,0,13.128751347627711,256,,,,,True,,7.26
k3,h0,0,18.954200162253855,257,240,176,73.3,1:1 4:80,False,713,7.26
k7,h0,0,17.859624739402364,257,378,202,53.4,1:1 8:54,False,713,7.47
k3,h1,0,17.4131038688258,257,222,181,81.5,1:2 4:74,True,,7.06
k7,h1,0,20.829956232776787,257,320,210,65.6,1:1 6:1 8:45,False,201,7.27
k3,h2,0,14.371994184095737,257,272,164,60.3,1:2 3:1 4:90,True,,7.04
k7,h2,0,15.068011257035646,257,471,187,39.7,1:2 3:1 8:67,True,,7.31
k3,h3,0,17.4201857249373,257,225,180,80.0,1:2 4:75,True,,6.99
k7,h3,0,20.24259609325772,257,326,209,64.1,1:1 5:1 8:46,True,,7.28
k3,h4,0,15.550311611302716,257,304,154,50.7,1:1 2:1 4:101,False,626,7.05
k7,h4,0,11.712697110564214,257,607,168,27.7,1:1 4:1 5:1 6:1 8:85,False,36,6.95
