series,footprint_mb,GBps_med,GBps_min,GBps_max,reps,x_dram_roofline
q8gemv T8,8.0,783.4,753.2,795.4,3,6.09
q8gemv T8,16.0,433.4,416.3,443.7,3,3.37
q8gemv T8,32.0,244.7,243.8,249.9,3,1.9
q8gemv T8,64.0,236.6,206.3,242.8,3,1.84
q8gemv T8,160.0,229.8,223.3,232.0,3,1.79
q8gemv T8,256.0,191.7,174.1,195.7,3,1.49
q8gemv T8,320.0,155.6,137.5,159.2,3,1.21
q8gemv T8,512.0,93.0,77.2,132.8,3,0.72
q8gemv T8,1200.0,81.1,79.5,85.4,3,0.63
q8gemv-rotate T8,8.0,267.8,266.8,273.6,3,2.08
q8gemv-rotate T8,16.0,267.0,262.9,289.4,3,2.07
q8gemv-rotate T8,64.0,242.3,240.5,249.2,3,1.88
q8gemv-rotate T8,160.0,235.5,230.5,238.2,3,1.83
q8gemv-rotate T8,256.0,175.0,116.2,201.2,3,1.36
q8gemv-thp T8,8.0,949.9,915.3,950.5,3,7.38
q8gemv-thp T8,16.0,477.0,430.6,477.6,3,3.71
q8gemv-thp T8,32.0,263.9,255.7,265.9,3,2.05
q8gemv-thp T8,64.0,258.4,252.3,264.5,3,2.01
q8gemv-thp T8,160.0,253.5,248.0,257.3,3,1.97
q8gemv-thp T8,256.0,237.4,190.4,242.1,3,1.84
q8gemv-thp T8,320.0,153.5,152.0,161.4,3,1.19
q8gemv-thp T8,512.0,109.7,83.3,153.2,3,0.85
q8gemv-thp T8,1200.0,92.7,91.4,124.2,3,0.72
read T8,8.0,1106.1,991.1,1223.0,3,8.59
read T8,16.0,458.7,455.0,460.6,3,3.56
read T8,32.0,237.8,225.1,255.5,3,1.85
read T8,64.0,231.3,186.5,234.3,3,1.8
read T8,160.0,217.8,172.0,222.1,3,1.69
read T8,256.0,182.1,149.9,206.9,3,1.41
read T8,320.0,141.6,115.6,163.6,3,1.1
read T8,512.0,124.0,121.2,125.8,3,0.96
read T8,1200.0,86.9,78.8,89.3,3,0.67
read-rotate T8,8.0,249.8,241.0,317.1,3,1.94
read-rotate T8,16.0,229.6,226.8,279.8,3,1.78
read-rotate T8,64.0,223.5,223.3,249.0,3,1.74
read-rotate T8,160.0,218.2,176.2,238.6,3,1.7
read-rotate T8,256.0,173.2,156.7,186.9,3,1.35
read-thp T8,8.0,1299.4,1182.6,1332.3,3,10.1
read-thp T8,16.0,479.3,465.4,493.5,3,3.72
read-thp T8,32.0,258.1,257.3,272.7,3,2.01
read-thp T8,64.0,255.0,254.5,269.1,3,1.98
read-thp T8,160.0,253.9,252.8,267.4,3,1.97
read-thp T8,256.0,250.6,241.0,258.1,3,1.95
read-thp T8,320.0,210.4,178.9,222.2,3,1.63
read-thp T8,512.0,155.1,117.0,173.7,3,1.21
read-thp T8,1200.0,99.2,91.7,99.4,3,0.77
