round,label,values,cpu_s,wall_s,load1
0,stock-amx,724.9460 72.1320,66.610,10.816,2.04
0,stock-noamx,376.3499 45.7484,111.740,14.623,3.36
0,kurn0-amx,805.2987 65.1693,70.100,10.589,4.07
0,kurn0-noamx,796.2064 66.4078,69.740,10.492,4.68
0,pair4s-noamx,1073.1778 77.3477,56.770,8.451,5.19
1,stock-noamx,365.3035 42.5203,118.290,15.425,5.81
1,kurn0-amx,748.3168 62.6017,73.420,10.996,6.15
1,kurn0-noamx,749.7257 64.9551,71.350,10.714,5.99
1,pair4s-noamx,1071.0345 76.1977,58.380,8.650,5.79
1,stock-amx,725.4765 71.6517,66.540,8.638,6.13
2,kurn0-amx,797.4503 64.4172,71.030,10.659,6.42
2,kurn0-noamx,770.7539 65.1010,70.720,10.639,6.66
2,pair4s-noamx,1070.2820 75.5841,57.750,8.577,6.87
2,stock-amx,735.1916 71.1117,66.650,8.653,6.96
2,stock-noamx,375.1461 45.6345,111.950,14.644,6.71
3,kurn0-noamx,714.5549 59.8610,76.070,11.297,6.52
3,pair4s-noamx,1074.9298 73.4168,58.970,8.747,6.64
3,stock-amx,742.3392 72.7530,65.880,8.556,6.85
3,stock-noamx,378.3374 46.0609,111.010,14.527,7.11
3,kurn0-amx,802.9469 65.3021,69.780,10.486,7.25
